Edit Factor,Eigenvalue (Real),Eigenvalue (Imag)
0.0,55.219251962384526,0.0
0.0,-36.2192519623845,0.0
0.0,-0.9999999999999799,0.0
0.0,-1.0000000000000129,0.0
0.0,-1.0000000000000075,0.0
0.0,-0.9999999999999932,0.0
0.0,-0.9999999999999971,1.9953151082065444e-15
0.0,-0.9999999999999971,-1.9953151082065444e-15
0.0,-1.0000000000000038,3.2957919968262575e-16
0.0,-1.0000000000000038,-3.2957919968262575e-16
0.0,-0.9999999999999973,0.0
0.0,-1.0000000000000047,0.0
0.0,-1.0000000000000033,0.0
0.0,-1.000000000000006,0.0
0.0,-0.9999999999999989,7.482431655774542e-16
0.0,-0.9999999999999989,-7.482431655774542e-16
0.0,-1.0000000000000004,8.599750569898516e-16
0.0,-1.0000000000000004,-8.599750569898516e-16
0.0,-1.0000000000000018,0.0
0.0,-1.0000000000000007,0.0
0.0,-0.9999999999999988,0.0
0.0,6.381003231357598e-29,0.0
0.0,-4.7373858683419985e-29,0.0
0.0,1.1455426758014349e-29,0.0
0.0,-9.446902750605001e-30,0.0
0.0,7.950552308744195e-30,0.0
0.0,-6.184587134237005e-30,9.192244361552682e-31
0.0,-6.184587134237005e-30,-9.192244361552682e-31
0.0,-6.096792463220444e-30,0.0
0.0,3.5517503405537444e-30,0.0
0.0,-1.94860617863131e-30,2.075443046461526e-30
0.0,-1.94860617863131e-30,-2.075443046461526e-30
0.0,-2.330664411612597e-30,0.0
0.0,4.651980586244477e-31,0.0
0.0,3.3236482706509767e-46,0.0
0.0,1.7277033982075469e-46,1.3615386315660698e-46
0.0,1.7277033982075469e-46,-1.3615386315660698e-46
0.0,2.1819859449488104e-46,0.0
0.0,1.9423026734601918e-46,2.909644334674982e-48
0.0,1.9423026734601918e-46,-2.909644334674982e-48
0.0,3.123390652044338e-47,1.2357916642197533e-46
0.0,3.123390652044338e-47,-1.2357916642197533e-46
0.0,9.314869902301723e-47,8.48573000656598e-47
0.0,9.314869902301723e-47,-8.48573000656598e-47
0.0,1.254832093268834e-46,1.1390629096742729e-46
0.0,1.254832093268834e-46,-1.1390629096742729e-46
0.0,-1.2570637400011346e-46,1.4641586500226245e-46
0.0,-1.2570637400011346e-46,-1.4641586500226245e-46
0.0,-1.8356272544248512e-47,1.1312821166117747e-46
0.0,-1.8356272544248512e-47,-1.1312821166117747e-46
0.0,-1.5153889042369294e-46,4.416874528157173e-47
0.0,-1.5153889042369294e-46,-4.416874528157173e-47
0.0,-1.2560758449294505e-46,6.956178417174881e-47
0.0,-1.2560758449294505e-46,-6.956178417174881e-47
0.0,5.595620010605225e-47,0.0
0.0,1.912810954078052e-47,7.650092088322201e-47
0.0,1.912810954078052e-47,-7.650092088322201e-47
0.0,4.718095513401882e-48,4.608260092381564e-47
0.0,4.718095513401882e-48,-4.608260092381564e-47
0.0,-4.813284741641985e-47,0.0
0.0,6.033710748907496e-48,0.0
0.0,-1.5994035586319037e-46,3.079757899671196e-47
0.0,-1.5994035586319037e-46,-3.079757899671196e-47
0.0,-1.2732707502227583e-46,0.0
0.0,-4.310361273371351e-46,0.0
0.0,7.778769097326427e-62,0.0
0.0,1.0071832712334613e-45,0.0
0.0,-1.2832664478401067e-62,0.0
0.0,-2.1405923119610575e-61,0.0
0.0,-6.131528268349007e-62,0.0
0.0,-3.5409051030886503e-62,3.7344092655593475e-62
0.0,-3.5409051030886503e-62,-3.7344092655593475e-62
0.0,-4.9170598124449665e-62,0.0
0.0,6.981586376221141e-62,0.0
0.0,6.985346055299951e-62,0.0
0.0,-9.650081239303079e-63,3.8745012054953453e-62
0.0,-9.650081239303079e-63,-3.8745012054953453e-62
0.0,-1.518202442507342e-62,2.518509104362786e-62
0.0,-1.518202442507342e-62,-2.518509104362786e-62
0.0,-1.878600994026259e-62,0.0
0.0,4.752510535530787e-63,1.891257215956062e-62
0.0,4.752510535530787e-63,-1.891257215956062e-62
0.0,9.643586781918301e-64,2.0973520885608868e-62
0.0,9.643586781918301e-64,-2.0973520885608868e-62
0.0,1.6348553337267531e-62,0.0
0.0,-2.765542043150236e-63,8.383143832882623e-63
0.0,-2.765542043150236e-63,-8.383143832882623e-63
0.0,-3.2169374918616516e-63,0.0
0.0,-8.620251865846055e-64,5.989786488001538e-63
0.0,-8.620251865846055e-64,-5.989786488001538e-63
0.0,5.852883701507356e-63,1.011426232642922e-62
0.0,5.852883701507356e-63,-1.011426232642922e-62
0.0,-7.673751927885432e-65,0.0
0.0,6.511957800142413e-63,0.0
0.0,2.3814459485513786e-63,0.0
0.0,3.1117283163279866e-62,0.0
0.0,3.0803765507039082e-62,0.0
0.0,4.861730685829015e-63,0.0
0.0,1.0669563239554102e-77,0.0
0.0,-5.431250726639122e-78,5.886323237690355e-78
0.0,-5.431250726639122e-78,-5.886323237690355e-78
0.0,2.8007633465605128e-80,6.726190563024781e-78
0.0,2.8007633465605128e-80,-6.726190563024781e-78
0.0,2.8700177069621663e-78,1.1751581496149021e-78
0.0,2.8700177069621663e-78,-1.1751581496149021e-78
0.0,3.7389118089277486e-78,0.0
0.0,8.10977390423592e-79,1.678042508715265e-78
0.0,8.10977390423592e-79,-1.678042508715265e-78
0.0,1.2739168325313517e-78,0.0
0.0,4.694903420864469e-79,0.0
0.0,6.275634124995219e-79,0.0
0.0,-2.59052077408655e-78,0.0
0.0,-1.765980759409541e-78,0.0
0.0,-9.226372365708781e-79,2.0517901087143784e-79
0.0,-9.226372365708781e-79,-2.0517901087143784e-79
0.0,-1.2190643893258233e-78,1.8736826789439837e-78
0.0,-1.2190643893258233e-78,-1.8736826789439837e-78
0.0,-1.2864851070009941e-78,3.7428209694832337e-78
0.0,-1.2864851070009941e-78,-3.7428209694832337e-78
0.0,-1.4176835427656692e-77,0.0
0.0,55.21925196238454,0.0
0.0,-36.219251962384526,0.0
0.0,-0.999999999999994,0.0
0.0,-1.000000000000009,0.0
0.0,-0.9999999999999953,0.0
0.0,-1.0000000000000007,1.802937758253672e-15
0.0,-1.0000000000000007,-1.802937758253672e-15
0.0,-0.9999999999999977,0.0
0.0,-1.0000000000000018,0.0
0.0,-0.9999999999999977,0.0
0.0,-0.9999999999999989,0.0
0.0,-1.0,0.0
0.0,-0.9999999999999982,0.0
0.0,-0.999999999999998,0.0
0.0,-1.0000000000000013,0.0
0.0,-1.0000000000000007,0.0
0.0,-0.9999999999999999,0.0
0.0,1.1640694528986413e-15,0.0
0.0,-1.000000000000001,0.0
0.0,-1.0000000000000027,0.0
0.0,-1.0000000000000009,0.0
0.0,-1.0000000000000018,0.0
0.0,3.0753977559212575e-16,0.0
0.0,1.2068063041161353e-16,0.0
0.0,-1.336618453503563e-16,0.0
0.0,-8.647014733391707e-17,9.911860906928295e-17
0.0,-8.647014733391707e-17,-9.911860906928295e-17
0.0,1.1285491360738923e-16,0.0
0.0,-8.352301828476694e-17,6.567530051216751e-17
0.0,-8.352301828476694e-17,-6.567530051216751e-17
0.0,-8.64903908950725e-17,1.306441191557314e-17
0.0,-8.64903908950725e-17,-1.306441191557314e-17
0.0,-3.0256747374187315e-17,7.270372213227302e-17
0.0,-3.0256747374187315e-17,-7.270372213227302e-17
0.0,-7.070954199590022e-17,0.0
0.0,-1.1713775365564591e-18,4.8804531521161584e-17
0.0,-1.1713775365564591e-18,-4.8804531521161584e-17
0.0,-3.6562851941814985e-17,0.0
0.0,2.9247911414856794e-17,1.9107941838063223e-17
0.0,2.9247911414856794e-17,-1.9107941838063223e-17
0.0,3.4633370939387595e-17,0.0
0.0,2.7570903028767944e-17,0.0
0.0,7.237544684394199e-18,2.4071660260314604e-17
0.0,7.237544684394199e-18,-2.4071660260314604e-17
0.0,-2.4173793182472758e-17,6.322080603343393e-18
0.0,-2.4173793182472758e-17,-6.322080603343393e-18
0.0,-3.1825903036493105e-18,9.389383220833484e-18
0.0,-3.1825903036493105e-18,-9.389383220833484e-18
0.0,5.177437970106746e-18,0.0
0.0,3.699627423379883e-18,0.0
0.0,7.402305629405549e-20,0.0
0.0,4.921585749880763e-33,6.0852469525278684e-33
0.0,4.921585749880763e-33,-6.0852469525278684e-33
0.0,7.525467120368221e-33,0.0
0.0,-5.845047394650102e-33,0.0
0.0,-2.1683266273709164e-33,2.5469592968727183e-33
0.0,-2.1683266273709164e-33,-2.5469592968727183e-33
0.0,-2.8100166722185788e-33,0.0
0.0,2.149437311003696e-33,0.0
0.0,7.637228445754539e-34,8.406236434661718e-34
0.0,7.637228445754539e-34,-8.406236434661718e-34
0.0,-1.8804941177954536e-34,7.171793865138389e-34
0.0,-1.8804941177954536e-34,-7.171793865138389e-34
0.0,-4.363321044829734e-34,0.0
0.0,8.396475058173699e-35,0.0
0.0,-3.28477235436633e-36,0.0
0.0,-2.668338786153093e-47,0.0
0.0,6.0558554396305814e-49,1.3125550223603388e-48
0.0,6.0558554396305814e-49,-1.3125550223603388e-48
0.0,6.0851293171293535e-50,7.277461383752302e-49
0.0,6.0851293171293535e-50,-7.277461383752302e-49
0.0,-1.9787278003644086e-49,1.5247331214109338e-49
0.0,-1.9787278003644086e-49,-1.5247331214109338e-49
0.0,-2.3175116402642e-49,0.0
0.0,1.5128976566744009e-49,0.0
0.0,7.760472105030318e-50,1.133133098213701e-49
0.0,7.760472105030318e-50,-1.133133098213701e-49
0.0,-1.245182604638474e-49,0.0
0.0,-7.684260401545752e-50,0.0
0.0,-4.83982532098738e-51,0.0
0.0,-1.002127716266818e-50,0.0
0.0,-2.768939489402616e-63,0.0
0.0,1.1146466451619794e-64,0.0
0.0,2.406754782681658e-65,6.686371204292548e-65
0.0,2.406754782681658e-65,-6.686371204292548e-65
0.0,-4.188955576737993e-65,7.860240430337373e-66
0.0,-4.188955576737993e-65,-7.860240430337373e-66
0.0,2.594525311165578e-65,1.4557518612597526e-65
0.0,2.594525311165578e-65,-1.4557518612597526e-65
0.0,-1.2485724334177912e-65,2.0190649282189495e-65
0.0,-1.2485724334177912e-65,-2.0190649282189495e-65
0.0,-3.018328765942678e-66,5.760174936078975e-66
0.0,-3.018328765942678e-66,-5.760174936078975e-66
0.0,-7.221020926353882e-66,0.0
0.0,-9.368956255844318e-66,0.0
0.0,2.221377819831422e-67,0.0
0.0,3.426354338178821e-80,0.0
0.0,1.9582638606949615e-80,1.2273685463343897e-80
0.0,1.9582638606949615e-80,-1.2273685463343897e-80
0.0,-5.529682140376385e-81,2.951046281850806e-81
0.0,-5.529682140376385e-81,-2.951046281850806e-81
0.0,5.798988813828245e-81,1.3820745769165816e-81
0.0,5.798988813828245e-81,-1.3820745769165816e-81
0.0,3.1574220796632575e-81,0.0
0.0,-8.444019575471331e-82,2.4524730893319237e-81
0.0,-8.444019575471331e-82,-2.4524730893319237e-81
0.0,1.227204179248594e-81,0.0
0.0,2.9143801236888245e-82,6.556130340061061e-82
0.0,2.9143801236888245e-82,-6.556130340061061e-82
0.0,2.3295796197656057e-82,0.0
0.0,-1.3645488487108953e-82,0.0
0.0,3.224741821557928e-84,0.0
0.0,3.4787098652147075e-95,0.0
0.0,-3.8794635960238237e-94,0.0
0.0,-6.322189193294999e-96,0.0
0.0,2.5928328692778915e-96,0.0
0.0,4.813818043948824e-97,1.2584437838330658e-96
0.0,4.813818043948824e-97,-1.2584437838330658e-96
0.0,1.083839496429568e-98,0.0
0.0,4.3032986741068225e-97,0.0
0.05,59.90679520840349,0.0
0.05,50.42729063032806,0.0
0.05,-33.29017834091201,0.0
0.05,-30.496437752800144,0.0
0.05,-7.124201059790056,0.0
0.05,-6.821683208118252,0.0
0.05,-6.607788643753326,0.0
0.05,6.571785744853771,0.0
0.05,6.521958656013853,0.0
0.05,-6.469440106587851,0.0
0.05,-6.33967252805675,0.0
0.05,-6.155721656365721,0.0
0.05,-6.046867288031971,0.0
0.05,-5.979594161824607,0.0
0.05,-5.881518275660179,0.0
0.05,-5.794781733658444,0.0
0.05,-5.719482943896876,0.0
0.05,-5.68829212997778,0.0
0.05,6.256545250732274,0.0
0.05,6.13202589376526,0.0
0.05,6.070471634855885,0.0
0.05,5.850091695027905,0.0
0.05,5.714892015579723,0.0
0.05,5.702324306101222,0.0
0.05,5.53741692340928,0.0
0.05,5.48360202127018,0.0
0.05,5.4257310256758124,0.0
0.05,5.2955566059286445,0.0
0.05,5.165997336004944,0.0
0.05,5.211891621966693,0.0
0.05,5.107064399221863,0.0
0.05,5.003464050887061,0.0
0.05,4.904213997335221,0.0
0.05,4.779666952471723,0.0
0.05,4.732367274548797,0.0
0.05,4.687209384823435,0.0
0.05,-5.537469861620969,0.0
0.05,-5.465906946380431,0.0
0.05,-5.416750866868655,0.0
0.05,-5.391880947104496,0.0
0.05,-5.2517006518415394,0.0
0.05,-5.173467498081545,0.0
0.05,-5.125209682649309,0.0
0.05,4.628318904589573,0.0
0.05,4.566446115945646,0.0
0.05,4.482402704276902,0.0
0.05,4.364770657853674,0.0
0.05,4.318922617137574,0.0
0.05,-5.04686033432829,0.0
0.05,-4.884241016605275,0.0
0.05,-4.857000499646347,0.0
0.05,-4.747468224589199,0.0
0.05,-4.81842495836662,0.0
0.05,-4.794766553597637,0.0
0.05,4.256256995140446,0.0
0.05,4.223574191573707,0.0
0.05,4.103030031013885,0.0
0.05,4.073777111684366,0.0
0.05,4.01786770062945,0.0
0.05,-4.654043959681817,0.0
0.05,-4.54938256755625,0.0
0.05,-4.445817298045844,0.0
0.05,-4.4691393341689585,0.0
0.05,-4.383115290871893,0.0
0.05,-4.390690397096653,0.0
0.05,-4.313857705573081,0.0
0.05,-4.257336139776456,0.0
0.05,-4.104749678900081,0.0
0.05,-4.135702004047783,0.0
0.05,3.950360542022628,0.0
0.05,3.8599730786028315,0.0
0.05,3.8448126880115887,0.0
0.05,3.683083363784833,0.0
0.05,3.7437311742977473,0.0
0.05,3.747431213106263,0.0
0.05,3.7745946209050807,0.0
0.05,3.6234179941681726,0.0
0.05,3.560564427287542,0.0
0.05,3.2478908081919187,0.0
0.05,3.3771256122429905,0.0
0.05,3.4361846284353934,0.0
0.05,3.4704054337142116,0.0
0.05,3.502392505273362,0.0
0.05,-4.277982893593528,0.0
0.05,-4.012932930396001,0.0
0.05,-3.926731545493797,0.0
0.05,-3.8983305590614665,0.0
0.05,-3.7920554535742026,0.0
0.05,-3.8355093407144114,0.0
0.05,-3.8617102321022156,0.0
0.05,-3.6203869293808673,0.0
0.05,-3.676381514337121,0.0
0.05,-3.7182331266120516,0.0
0.05,3.1848501222012513,0.0
0.05,-3.552719409700904,0.0
0.05,-3.477473455841378,0.0
0.05,3.1318097192392975,0.0
0.05,3.085659034938607,0.0
0.05,2.997575413701626,0.0
0.05,3.0506829864035336,0.0
0.05,2.921982749620688,0.0
0.05,-3.3035563652650435,0.0
0.05,-3.3519764874976925,0.0
0.05,-3.398142201250775,0.0
0.05,2.8484913947524957,0.0
0.05,2.8166794258342627,0.0
0.05,2.8072729019474707,0.0
0.05,2.7602833076257314,0.0
0.05,2.7513179004034862,0.0
0.05,2.6929943019443,0.0
0.05,2.504222758684876,0.0
0.05,2.5754986123054517,0.0
0.05,2.5566525071006283,0.0
0.05,-3.257398918599364,0.0
0.05,-3.187801167475828,0.0
0.05,-3.1728592576044816,0.0
0.05,-3.146380272551134,0.0
0.05,-3.110969666394024,0.0
0.05,-3.0115770360190166,0.0
0.05,-2.9685226908836824,0.0
0.05,-2.8758985024678227,0.0
0.05,-2.9233235118307026,0.0
0.05,2.402774131383183,0.0
0.05,-2.828079644351227,0.0
0.05,-2.785528207684391,0.0
0.05,2.383174503461165,0.0
0.05,2.332519146205647,0.0
0.05,-2.7612922742490746,0.0
0.05,-2.738137580867505,0.0
0.05,-2.675527833522892,0.0
0.05,-2.637747180054616,0.0
0.05,2.31781092873167,0.0
0.05,2.2342430016402655,0.0
0.05,2.2031382379926256,0.0
0.05,2.1530756011373704,0.0
0.05,2.123879971492415,0.0
0.05,2.1092240061134233,0.0
0.05,-2.519006197461744,0.0
0.05,-2.494786189442554,0.0
0.05,-2.4767025655958954,0.0
0.05,-2.405685868867614,0.0
0.05,-2.4422291248374344,0.0
0.05,-2.284948462064402,0.0
0.05,-2.263815554007407,0.0
0.05,-2.1711544379200842,0.0
0.05,-2.2009157200364697,0.0
0.05,-2.2371860779943518,0.0
0.05,2.02050253646787,0.0
0.05,1.9393251706741477,0.0
0.05,1.7453099897107194,0.0
0.05,1.8918732065470898,0.0
0.05,1.8036414733822221,0.0
0.05,1.8693770341854044,0.0
0.05,1.8231314953366924,0.0
0.05,-2.0755785542279583,0.0
0.05,1.6665927707148371,0.0
0.05,1.618166706391629,0.0
0.05,1.544720017459258,0.0
0.05,1.4962539045510868,0.0
0.05,1.396885556952151,0.0
0.05,-2.0151110803841603,0.0
0.05,-1.9855508027685886,0.0
0.05,-1.96159428783953,0.0
0.05,-1.9230260546865574,0.0
0.05,-1.876680521062467,0.0
0.05,-1.8393203285156923,0.0
0.05,-1.7783504783554611,0.0
0.05,-1.7298123909749217,0.0
0.05,-1.6791327151620776,0.0
0.05,-1.6277257547702908,0.0
0.05,-1.560892896271016,0.0
0.05,-1.5149599418539668,0.0
0.05,1.340340438773662,0.0
0.05,1.32486808230882,0.0
0.05,1.2181137356785843,0.0
0.05,1.1709846079056587,0.0
0.05,1.0283828758210725,0.0
0.05,1.0939408320510653,0.0
0.05,1.1331425701472924,0.0
0.05,0.9789182025284839,0.0
0.05,0.8707991542518686,0.0
0.05,0.8247180174295335,0.0
0.05,0.7555989905144217,0.0
0.05,1.444237653799589,0.0
0.05,1.469847322567678,0.0
0.05,1.4314253786896505,0.0
0.05,-1.451024858544621,0.0
0.05,0.6392911781800361,0.0
0.05,-1.406130123496121,0.0
0.05,-1.2862835102493766,0.0
0.05,0.712209864022563,0.0
0.05,0.5785719737728474,0.0
0.05,0.49880586998138987,0.0
0.05,0.4574282545310947,0.0
0.05,0.4428904102943807,0.0
0.05,0.7211902503389447,0.0
0.05,0.28420101511970314,0.0
0.05,0.21254809464182092,0.0
0.05,0.1578195008314541,0.0
0.05,0.11386162368355343,0.0
0.05,-1.2131926416850214,0.0
0.05,-1.355983649983904,0.0
0.05,-1.1738058708527082,0.0
0.05,-1.143181825611465,0.0
0.05,-1.0982339424961873,0.0
0.05,-1.0799420329118017,0.0
0.05,-1.0011976648628687,0.0
0.05,-0.9620926562908111,0.0
0.05,-0.9495409474599116,0.0
0.05,1.270459515598145,0.0
0.05,0.33333851382649604,0.0
0.05,-1.379718786207708,0.0
0.05,-0.22202010484537216,0.0
0.05,-0.2917122920664122,0.0
0.05,-0.8491578262632025,0.0
0.05,-0.39354239144863923,0.0
0.05,-0.8140782653090496,0.0
0.05,-0.19838387585214246,0.0
0.05,-0.4449019660974057,0.0
0.05,-0.7566919991019468,0.0
0.05,-0.5835324859613362,0.0
0.05,0.35298127587037226,0.0
0.05,0.2620563303319713,0.0
0.05,-0.8765695280883999,0.0
0.05,-0.6168669433530276,0.0
0.05,-0.5355907153581968,0.0
0.05,0.03136501644042929,0.0
0.05,-0.021414360017493663,0.0
0.05,0.06806255075518888,0.0
0.05,-0.1383744714176497,0.0
0.05,-0.10539405198591532,0.0
0.05,-0.3402553208844375,0.0
0.05,-0.6827078973902161,0.0
0.05,-0.7332716372279224,0.0
0.05,-0.4741440959888141,0.0
0.05,0.6157140458031292,0.0
0.05,-1.23998421008434,0.0
0.05,0.012660786157918965,0.0
0.05,-0.5593356456766386,0.0
0.05,-0.09983117259596727,0.0
0.1,64.50786562295856,0.0
0.1,44.33440453953746,0.0
0.1,-29.618115036337514,0.0
0.1,-26.258900377617085,0.0
0.1,-9.884977473559308,0.0
0.1,8.965088975502598,0.0
0.1,-9.001804779591366,0.0
0.1,-8.87265420406173,0.0
0.1,-8.573988320935536,0.0
0.1,-8.481791294796087,0.0
0.1,-8.315445850296427,0.0
0.1,-8.293319092541184,0.0
0.1,-8.17873417568664,0.0
0.1,-8.004315470141204,0.0
0.1,-7.917080215427759,0.0
0.1,-7.71994054094933,0.0
0.1,-7.567934962465299,0.0
0.1,-7.558475944389861,0.0
0.1,-7.382600372840054,0.0
0.1,-7.335475388894553,0.0
0.1,-7.187413977835249,0.0
0.1,8.590385666130922,0.0
0.1,8.465306991659546,0.0
0.1,8.382455845513896,0.0
0.1,8.12679058984063,0.0
0.1,7.908687016823911,0.0
0.1,7.8147099062803616,0.0
0.1,7.655618436071569,0.0
0.1,7.599667897482041,0.0
0.1,7.471379784970335,0.0
0.1,7.363083908090753,0.0
0.1,7.313430082361228,0.0
0.1,7.208929655981299,0.0
0.1,6.977185467128749,0.0
0.1,7.119548616260343,0.0
0.1,6.881261144472235,0.0
0.1,6.626330292591495,0.0
0.1,6.700592667791626,0.0
0.1,6.684199279369949,0.0
0.1,-7.196636996516973,0.0
0.1,-7.088488966345934,0.0
0.1,-7.02264500058085,0.0
0.1,-6.943993053423105,0.0
0.1,-6.897977828389731,0.0
0.1,-6.783632878813973,0.0
0.1,6.44183997579152,0.0
0.1,6.324412049450052,0.0
0.1,6.162074321755352,0.0
0.1,-6.398766580395914,0.0
0.1,-6.666473164252093,0.0
0.1,-6.545181275250182,0.0
0.1,-6.576393057989378,0.0
0.1,6.0984269795052874,0.0
0.1,6.022701060531028,0.0
0.1,5.959084477284149,0.0
0.1,5.903801750095189,0.0
0.1,5.853791030818991,0.0
0.1,-6.051365217335779,0.0
0.1,-6.227214972379248,0.0
0.1,-6.204775621843409,0.0
0.1,-6.1742089919378715,0.0
0.1,-6.147656587781132,0.0
0.1,-5.924766177620667,0.0
0.1,-5.863218094963607,0.0
0.1,-5.588393751058026,0.0
0.1,-5.695855066885396,0.0
0.1,-5.679920583753021,0.0
0.1,5.746228220679437,0.0
0.1,5.605623700027048,0.0
0.1,5.55752326538978,0.0
0.1,5.467186060053713,0.0
0.1,5.399552677071082,0.0
0.1,5.330993617206622,0.0
0.1,-5.536613824448066,0.0
0.1,-5.454108753112018,0.0
0.1,-5.35572201960088,0.0
0.1,-5.332518214659525,0.0
0.1,-5.042875726370794,0.0
0.1,-5.1186948929837985,0.0
0.1,-5.235837480384263,0.0
0.1,-5.205910219721761,0.0
0.1,5.275946835540423,0.0
0.1,5.226164184949953,0.0
0.1,5.063706600845591,0.0
0.1,5.029444612105757,0.0
0.1,4.999131307930956,0.0
0.1,4.650365277617917,0.0
0.1,4.878721951639274,0.0
0.1,4.728465803369886,0.0
0.1,4.816192927943749,0.0
0.1,4.774613026053856,0.0
0.1,-4.846245266104537,0.0
0.1,-4.794977866699486,0.0
0.1,4.482811826797316,0.0
0.1,-4.7174495705171715,0.0
0.1,-4.673144815204724,0.0
0.1,-4.56123788521899,0.0
0.1,4.35932960716549,0.0
0.1,4.32784350849872,0.0
0.1,4.279976794846889,0.0
0.1,4.22312579490525,0.0
0.1,4.540944164429231,0.0
0.1,4.12177177438846,0.0
0.1,4.114135220710704,0.0
0.1,4.002420291675931,0.0
0.1,-4.507790579932314,0.0
0.1,-4.463175898543083,0.0
0.1,-4.399726850911793,0.0
0.1,-4.211878958869887,0.0
0.1,-4.31983227094737,0.0
0.1,-4.301862102557739,0.0
0.1,3.5312361667834145,0.0
0.1,3.6023945568513818,0.0
0.1,3.8979555823157654,0.0
0.1,3.862036933947975,0.0
0.1,3.8757387970434576,0.0
0.1,3.7723590001619716,0.0
0.1,3.706619273667477,0.0
0.1,-4.128991568252044,0.0
0.1,-4.058570800351162,0.0
0.1,-3.9727565096089923,0.0
0.1,-3.927961214807474,0.0
0.1,-3.711332239075789,0.0
0.1,-3.8552785852377762,0.0
0.1,-3.8080739443761398,0.0
0.1,3.336910729016,0.0
0.1,-3.657601099227482,0.0
0.1,-3.5675759102474296,0.0
0.1,-3.5898607195720484,0.0
0.1,3.264610560078596,0.0
0.1,3.209979415351773,0.0
0.1,3.150004110021436,0.0
0.1,3.181453144002623,0.0
0.1,3.0972175399787214,0.0
0.1,-3.5083926097179887,0.0
0.1,-3.4302891306790677,0.0
0.1,-3.388855677982628,0.0
0.1,-3.321152450333765,0.0
0.1,-3.260929231998129,0.0
0.1,-3.0905405691669037,0.0
0.1,-3.041313995145615,0.0
0.1,-2.934555973721393,0.0
0.1,-2.7944717315800562,0.0
0.1,-2.8919036279716073,0.0
0.1,-2.855609511937374,0.0
0.1,2.9681605403736744,0.0
0.1,2.999840449650976,0.0
0.1,2.782497449110465,0.0
0.1,2.872673685217481,0.0
0.1,2.8489398463033857,0.0
0.1,2.673441763033436,0.0
0.1,2.612330745092088,0.0
0.1,2.4778147347346775,0.0
0.1,2.507629279818635,0.0
0.1,2.536826859800964,0.0
0.1,-2.7095413742039933,0.0
0.1,2.3536589691256116,0.0
0.1,2.375072347297858,0.0
0.1,2.4258510075560635,0.0
0.1,-2.688684561265114,0.0
0.1,-2.6527301225763567,0.0
0.1,-2.5692910828149778,0.0
0.1,2.26956963765989,0.0
0.1,2.173688019193144,0.0
0.1,2.0900451795257977,0.0
0.1,1.9943033638165897,0.0
0.1,-2.5100465625448707,0.0
0.1,-2.45987438188146,0.0
0.1,-2.387756088582974,0.0
0.1,-2.406328862149542,0.0
0.1,-2.5996672030607693,0.0
0.1,1.9477120117145859,0.0
0.1,1.872814851637487,0.0
0.1,-2.2822923961124006,0.0
0.1,-2.167847156243882,0.0
0.1,-2.1473708297118357,0.0
0.1,-1.716780522919734,0.0
0.1,-1.8003391859708984,0.0
0.1,-1.6277327268151376,0.0
0.1,-1.8826884383156837,0.0
0.1,-1.909623118752115,0.0
0.1,1.7684335501546586,0.0
0.1,1.8413037564446688,0.0
0.1,1.7118464766707377,0.0
0.1,1.6213959212961009,0.0
0.1,1.5164092970473992,0.0
0.1,1.4199014640631797,0.0
0.1,1.34601424627084,0.0
0.1,1.2696243658681667,0.0
0.1,1.2221412825161155,0.0
0.1,-2.108548631336031,0.0
0.1,-1.592810019959014,0.0
0.1,-1.5292545041819698,0.0
0.1,-1.1075361918433735,0.0
0.1,-1.396498804783325,0.0
0.1,-1.3549234809309543,0.0
0.1,-1.2516557821313234,0.0
0.1,-1.3155076708926468,0.0
0.1,-1.9871794007350487,0.0
0.1,1.1452636947291686,0.0
0.1,1.6019490791081725,0.0
0.1,0.8915264412790123,0.0
0.1,0.8290157335327026,0.0
0.1,-0.19829459205752636,0.0
0.1,-0.13434709750267124,0.0
0.1,-0.05504842960500062,0.0
0.1,-0.38235800283069077,0.0
0.1,-0.30256219045507077,0.0
0.1,0.08969087793338858,0.0
0.1,0.3386370439806327,0.0
0.1,0.7478453589436223,0.0
0.1,0.6277006950559986,0.0
0.1,0.6063593072279669,0.0
0.1,-0.5724801903685017,0.0
0.1,1.0200662901328452,0.0
0.1,0.2477413014045386,0.0
0.1,0.1270419931571587,0.0
0.1,0.42281198227449857,0.0
0.1,-2.0700031242827786,0.0
0.1,1.545040323515229,0.0
0.1,0.9619663372426924,0.0
0.1,-0.7661533039204185,0.0
0.1,-0.8092378908005997,0.0
0.1,-0.6281135014981115,0.0
0.1,-0.498681836596409,0.0
0.1,1.0985012599553536,0.0
0.1,1.0807086333154974,0.0
0.1,-0.9643091511712324,0.0
0.1,-0.8530472356493632,0.0
0.1,-0.26859178201767003,0.0
0.1,-0.4485683553809238,0.0
0.1,-0.686841434971668,0.0
0.1,0.14301097567749776,0.0
0.1,0.48903995121328653,0.0
0.1,0.6989530240409052,0.0
0.1,-1.2854754946531022,0.0
0.1,0.46935090774983523,0.0
0.1,-0.012946158107412405,0.0
0.1,-0.8898447543373534,0.0
0.1,-0.9403859349953849,0.0
0.15,70.08432664163409,0.0
0.15,39.42699008448444,0.0
0.15,-25.776153551846395,0.0
0.15,-21.363398250544527,0.0
0.15,-11.245017838092025,0.0
0.15,-10.8740910817406,0.0
0.15,-10.65422100846766,0.0
0.15,-10.406260805049047,0.0
0.15,-10.160118225260483,0.0
0.15,-10.0782847707223,0.0
0.15,-9.898671732917844,0.0
0.15,-9.673472893495662,0.0
0.15,-9.610469612441563,0.0
0.15,-8.849376444241141,0.0
0.15,-9.146579569328129,0.0
0.15,-9.354330575424639,0.0
0.15,-9.321914861541055,0.0
0.15,-9.301091054895261,0.0
0.15,10.35981511525997,0.0
0.15,10.224503782588371,0.0
0.15,9.946673432034592,0.0
0.15,9.705339489934312,0.0
0.15,9.513151830476573,0.0
0.15,9.409513455902443,0.0
0.15,9.305300731299441,0.0
0.15,9.164582833117374,0.0
0.15,9.025349118307425,0.0
0.15,8.975736396882724,0.0
0.15,8.88455611395839,0.0
0.15,8.520376835140846,0.0
0.15,8.638632999971255,0.0
0.15,8.593082982673694,0.0
0.15,-8.702219986311741,0.0
0.15,-8.553617331785816,0.0
0.15,-8.476830246491973,0.0
0.15,-8.448028858684888,0.0
0.15,-8.330609492302926,0.0
0.15,8.339488656494202,0.0
0.15,8.231011644013059,0.0
0.15,8.085025716242383,0.0
0.15,7.9776729219229185,0.0
0.15,7.768430658406329,0.0
0.15,7.861506146082863,0.0
0.15,-8.055193296139237,0.0
0.15,-7.973451709870179,0.0
0.15,-7.91012768226394,0.0
0.15,-7.804344320500319,0.0
0.15,-7.736429812731835,0.0
0.15,7.6167410134786815,0.0
0.15,7.493984397581594,0.0
0.15,7.25325028324743,0.0
0.15,7.357518470853485,0.0
0.15,7.1924345898350905,0.0
0.15,7.070679454047589,0.0
0.15,6.990520720608711,0.0
0.15,-7.5731485877418,0.0
0.15,-7.630065217692912,0.0
0.15,-7.452339085040153,0.0
0.15,-7.277830917217475,0.0
0.15,-7.2334267263286645,0.0
0.15,6.829318343392863,0.0
0.15,6.750311080113537,0.0
0.15,6.7246200993400755,0.0
0.15,6.551558675232043,0.0
0.15,6.46465389927833,0.0
0.15,-7.144456802194454,0.0
0.15,-7.033426472549584,0.0
0.15,-6.997282505191268,0.0
0.15,-6.910778536752464,0.0
0.15,-6.848252651664788,0.0
0.15,-6.782048527242149,0.0
0.15,-6.66260553655493,0.0
0.15,-6.578420693717976,0.0
0.15,-6.513168147129282,0.0
0.15,6.5210926042923125,0.0
0.15,6.295457193819275,0.0
0.15,6.063613952864419,0.0
0.15,6.122195517231014,0.0
0.15,6.1979310669732275,0.0
0.15,6.2120919460136435,0.0
0.15,5.894127090812292,0.0
0.15,5.779439450077207,0.0
0.15,5.669893913364457,0.0
0.15,5.54960964399814,0.0
0.15,5.534135395188363,0.0
0.15,5.355321448189528,0.0
0.15,5.410996694946652,0.0
0.15,-6.379159494928145,0.0
0.15,-6.230572240787497,0.0
0.15,-6.145763720284289,0.0
0.15,-6.10858031852541,0.0
0.15,-5.987452682647585,0.0
0.15,-5.860642632316053,0.0
0.15,-5.684984637688086,0.0
0.15,-5.765053534167583,0.0
0.15,-5.655410027623297,0.0
0.15,5.108137936399628,0.0
0.15,5.223315385223096,0.0
0.15,5.307937627565693,0.0
0.15,-5.39399734762292,0.0
0.15,-5.465928832316647,0.0
0.15,-5.59785239920574,0.0
0.15,-5.522917431128659,0.0
0.15,5.0279397069459835,0.0
0.15,4.961763513137131,0.0
0.15,4.872507563094485,0.0
0.15,4.802598143907809,0.0
0.15,4.59953558290389,0.0
0.15,-5.234977742471474,0.0
0.15,-5.293589995554937,0.0
0.15,-5.176113066650014,0.0
0.15,-5.051137736411141,0.0
0.15,-4.996059722093228,0.0
0.15,-4.8527717656184555,0.0
0.15,4.542643617431582,0.0
0.15,4.494564965045988,0.0
0.15,4.399170895210806,0.0
0.15,4.354439357084383,0.0
0.15,3.9473062118623687,0.0
0.15,4.105049693965739,0.0
0.15,4.250913591946534,0.0
0.15,4.256449855213322,0.0
0.15,-4.263659288964594,0.0
0.15,-4.349601381019854,0.0
0.15,-4.69613785313931,0.0
0.15,-4.624984868769683,0.0
0.15,-4.725969776827354,0.0
0.15,-4.54278472688446,0.0
0.15,-4.497548662051237,0.0
0.15,-4.409405082538769,0.0
0.15,3.8646196971064195,0.0
0.15,-4.143244020465591,0.0
0.15,3.7728911838302226,0.0
0.15,3.6594493321483066,0.0
0.15,-3.9573836797740123,0.0
0.15,-4.037714437702161,0.0
0.15,-4.016917160283053,0.0
0.15,-3.8718558547435076,0.0
0.15,-3.7696511263195176,0.0
0.15,-4.046571005599377,0.0
0.15,3.6106184938193837,0.0
0.15,3.5067130401957876,0.0
0.15,3.478685324987457,0.0
0.15,3.3828339207109996,0.0
0.15,3.4005151968423633,0.0
0.15,2.739685232717876,0.0
0.15,2.8727827864606574,0.0
0.15,3.258713443951531,0.0
0.15,3.2210349081752034,0.0
0.15,3.186326886960876,0.0
0.15,3.1269609486752197,0.0
0.15,2.986148599991637,0.0
0.15,-3.6334887116839862,0.0
0.15,-3.540427771044371,0.0
0.15,-3.5133907387058443,0.0
0.15,-3.4388001966394155,0.0
0.15,-3.3657671303329164,0.0
0.15,-3.23616695583132,0.0
0.15,-2.939105831535613,0.0
0.15,-2.965123440970899,0.0
0.15,-3.0796375690187188,0.0
0.15,-3.0322686829091587,0.0
0.15,2.663986687653373,0.0
0.15,2.6347372516770706,0.0
0.15,-2.86377609463466,0.0
0.15,-2.74579618651736,0.0
0.15,-2.6723288897184623,0.0
0.15,-2.772158746794542,0.0
0.15,-2.453492577325473,0.0
0.15,-2.5856904016018256,0.0
0.15,-2.3924033735546253,0.0
0.15,2.5641851917198926,0.0
0.15,2.507358625566182,0.0
0.15,2.4155186786791134,0.0
0.15,2.276073270339752,0.0
0.15,2.1976986851832496,0.0
0.15,2.152566815027663,0.0
0.15,2.091723113497283,0.0
0.15,2.003287913525145,0.0
0.15,1.9055352865569106,0.0
0.15,2.320199432022971,0.0
0.15,1.79426819456085,0.0
0.15,1.7485560598693426,0.0
0.15,1.6545586270961816,0.0
0.15,-2.3440946476832933,0.0
0.15,-2.261289551987541,0.0
0.15,-2.119805663535186,0.0
0.15,-2.0731571038546166,0.0
0.15,-1.8898638915289263,0.0
0.15,-1.7942264996325916,0.0
0.15,-1.7483204695353525,0.0
0.15,-1.6537366775970044,0.0
0.15,-1.441700850367381,0.0
0.15,-1.4864641669381424,0.0
0.15,-1.5714005836060685,0.0
0.15,-2.1827272840862166,0.0
0.15,1.5718073387032143,0.0
0.15,1.5178297150679194,0.0
0.15,-1.3704194933655398,0.0
0.15,-1.9363280892946322,0.0
0.15,-1.097386292256663,0.0
0.15,-1.003912352829066,0.0
0.15,-0.9291208268168792,0.0
0.15,-0.8323493199441157,0.0
0.15,-0.7666854131016974,0.0
0.15,1.4337407313345794,0.0
0.15,1.3677948368030597,0.0
0.15,1.039974411562326,0.0
0.15,0.9374640508631354,0.0
0.15,0.7232801789022137,0.0
0.15,0.781184422839982,0.0
0.15,-0.28897447712898666,0.0
0.15,-0.3772260490527944,0.0
0.15,1.178535909784432,0.0
0.15,1.2972969200593474,0.0
0.15,0.8851290138524294,0.0
0.15,0.6517342202995806,0.0
0.15,0.4867760570312223,0.0
0.15,0.24557385213190952,0.0
0.15,-0.6154360631106376,0.0
0.15,-0.6341570526086187,0.0
0.15,-0.44461247718459723,0.0
0.15,0.11897511722024855,0.0
0.15,-0.05352524629013698,0.0
0.15,-0.1544588634550304,0.0
0.15,0.04519276628272513,0.0
0.15,-0.5357763047793069,0.0
0.15,-1.1720624377673379,0.0
0.15,1.3441162406169482,0.0
0.15,0.9814987724049317,0.0
0.15,1.2558400825699698,0.0
0.15,0.5547915412767647,0.0
0.15,-0.00148953367277599,0.0
0.15,0.5014203164971605,0.0
0.15,0.32092239737229994,0.0
0.15,0.3268901135836652,0.0
0.15,-1.3320835077252706,0.0
0.15,-1.174421178845904,0.0
0.15,-0.12615140321748822,0.0
0.15,-0.42170327030325144,0.0
0.2,76.52452456261626,0.0
0.2,34.49390845687935,0.0
0.2,-23.348581173362682,0.0
0.2,-18.69106668739782,0.0
0.2,-12.597270630637537,0.0
0.2,-12.124220322970048,0.0
0.2,-11.659051650732508,0.0
0.2,-11.472737208894936,0.0
0.2,-11.161531128834337,0.0
0.2,-11.1245361843916,0.0
0.2,-11.061733291957902,0.0
0.2,-10.87590620399649,0.0
0.2,-10.646662783274671,0.0
0.2,11.958580145429085,0.0
0.2,11.365644883804723,0.0
0.2,11.243949907251013,0.0
0.2,11.090545649910466,0.0
0.2,10.873967860424997,0.0
0.2,10.504880658815523,0.0
0.2,10.334236270870024,0.0
0.2,10.27557509959849,0.0
0.2,10.143608801309641,0.0
0.2,10.007512353120012,0.0
0.2,9.661034612945052,0.0
0.2,9.485607600183483,0.0
0.2,9.403863041461392,0.0
0.2,9.24354983017171,0.0
0.2,9.185222012884877,0.0
0.2,-10.435927107500376,0.0
0.2,-10.38376852456019,0.0
0.2,-10.328417732722864,0.0
0.2,-10.197067801007037,0.0
0.2,-10.120949071262277,0.0
0.2,-9.980168061230122,0.0
0.2,-9.8263073871694,0.0
0.2,-9.700985014878233,0.0
0.2,-9.537843207577989,0.0
0.2,-9.467646352597768,0.0
0.2,-9.283148242392551,0.0
0.2,-9.18723656395573,0.0
0.2,-9.000294921874962,0.0
0.2,8.9883984532708,0.0
0.2,8.51280870869295,0.0
0.2,8.702934562320607,0.0
0.2,8.84782357182234,0.0
0.2,8.888915878450154,0.0
0.2,-8.834395035626581,0.0
0.2,-8.766779611637018,0.0
0.2,-8.700682069125316,0.0
0.2,-8.520625747506246,0.0
0.2,8.369097235459787,0.0
0.2,8.319708890572901,0.0
0.2,8.20930624085554,0.0
0.2,8.13565134233792,0.0
0.2,7.92960822779606,0.0
0.2,-8.47568753207881,0.0
0.2,-8.363304524636021,0.0
0.2,-8.339369125092682,0.0
0.2,-8.174475273101441,0.0
0.2,7.701761571143372,0.0
0.2,7.826275239726354,0.0
0.2,7.770574645459555,0.0
0.2,-7.964324816523688,0.0
0.2,-7.918916323979074,0.0
0.2,7.6160158238905105,0.0
0.2,7.477759724972641,0.0
0.2,7.404030576029337,0.0
0.2,7.256077817222187,0.0
0.2,-7.851055306812469,0.0
0.2,-7.7333172520592,0.0
0.2,-7.583498040098117,0.0
0.2,-7.427361826710392,0.0
0.2,-7.37445686046168,0.0
0.2,7.079184270818923,0.0
0.2,7.010141464092973,0.0
0.2,6.9141256501896,0.0
0.2,6.805334472682116,0.0
0.2,6.645710526704349,0.0
0.2,-6.884596061210829,0.0
0.2,-7.059433168007891,0.0
0.2,-7.096484342296448,0.0
0.2,-7.20576561139442,0.0
0.2,-7.262447628196242,0.0
0.2,6.5258149485795,0.0
0.2,6.438451064856981,0.0
0.2,6.387676013712249,0.0
0.2,6.313344595786513,0.0
0.2,6.253455932375812,0.0
0.2,-6.6437526051949565,0.0
0.2,-6.579065593136134,0.0
0.2,-6.497218747621041,0.0
0.2,-6.557196034953214,0.0
0.2,6.091840541233841,0.0
0.2,5.988951647202406,0.0
0.2,5.8760419750272375,0.0
0.2,5.788242280974197,0.0
0.2,5.71582030918607,0.0
0.2,5.404810914564644,0.0
0.2,5.61134176824884,0.0
0.2,5.4602255439930385,0.0
0.2,5.507764671900006,0.0
0.2,-6.302122960399993,0.0
0.2,-6.216095783390938,0.0
0.2,-6.1821703025907615,0.0
0.2,-6.137167500981316,0.0
0.2,-5.993373333856235,0.0
0.2,-5.899296777686086,0.0
0.2,-5.848929256273044,0.0
0.2,-5.697801455034822,0.0
0.2,-5.576064112132131,0.0
0.2,-5.63030322919406,0.0
0.2,-5.439680571393609,0.0
0.2,5.23781813720013,0.0
0.2,5.096631767150262,0.0
0.2,5.088828949317421,0.0
0.2,4.990479642183041,0.0
0.2,-5.36703991452291,0.0
0.2,-5.25049667595467,0.0
0.2,-5.1807401879576735,0.0
0.2,-5.139095171452283,0.0
0.2,-5.034711820010216,0.0
0.2,-4.781673766404463,0.0
0.2,-4.859168760782386,0.0
0.2,-4.8786541194161535,0.0
0.2,4.949990958144819,0.0
0.2,4.80581368452876,0.0
0.2,4.739006802838784,0.0
0.2,4.641877667309361,0.0
0.2,4.6078558443746775,0.0
0.2,4.51482451076443,0.0
0.2,4.478604534375896,0.0
0.2,4.387017434251881,0.0
0.2,4.30709577584788,0.0
0.2,4.280968784859942,0.0
0.2,3.827789425036785,0.0
0.2,3.942508064616157,0.0
0.2,4.142394788901252,0.0
0.2,4.027819169630925,0.0
0.2,-4.635149811540208,0.0
0.2,-4.552972942465624,0.0
0.2,-4.510823717289141,0.0
0.2,-4.467264707364469,0.0
0.2,-4.226718804544288,0.0
0.2,-4.265790266980408,0.0
0.2,-4.005561978480366,0.0
0.2,-4.142456500733876,0.0
0.2,-4.125375516180089,0.0
0.2,3.7114577775978357,0.0
0.2,-3.9095773203603508,0.0
0.2,-3.794328859175649,0.0
0.2,-3.6143990581824506,0.0
0.2,-3.643083552163441,0.0
0.2,3.665990671964828,0.0
0.2,3.5922078633758923,0.0
0.2,3.5127306738250903,0.0
0.2,3.428840265359163,0.0
0.2,-3.4899109101671537,0.0
0.2,3.3486113903701207,0.0
0.2,-3.437287070690353,0.0
0.2,-3.3016122797787353,0.0
0.2,-3.2497921159861067,0.0
0.2,-3.2835673719900034,0.0
0.2,-3.151034523148939,0.0
0.2,-2.843021341370969,0.0
0.2,-2.85125387101616,0.0
0.2,-2.686689891993081,0.0
0.2,-3.023879549610006,0.0
0.2,-3.009744624063723,0.0
0.2,3.301832983577738,0.0
0.2,3.1734092948825374,0.0
0.2,3.2731759819096755,0.0
0.2,2.400533827004539,0.0
0.2,2.4427730015350697,0.0
0.2,2.5457764573737216,0.0
0.2,2.6460959813674636,0.0
0.2,2.9688517766621514,0.0
0.2,3.133660970822341,0.0
0.2,2.769446935549905,0.0
0.2,2.8765801754583826,0.0
0.2,2.8567285759452994,0.0
0.2,-2.565966196773163,0.0
0.2,-2.5107641231464264,0.0
0.2,2.2908886182894843,0.0
0.2,2.2231490122890007,0.0
0.2,-2.3960293471598804,0.0
0.2,-2.26407590230667,0.0
0.2,2.1101140213379734,0.0
0.2,2.0682831998923175,0.0
0.2,1.901060949208001,0.0
0.2,1.9645363421683046,0.0
0.2,1.7841583034081077,0.0
0.2,-2.0459555151389908,0.0
0.2,-2.1265153858554346,0.0
0.2,-1.904848706478158,0.0
0.2,-1.8406750254794362,0.0
0.2,1.7018419588596343,0.0
0.2,1.644110149206766,0.0
0.2,-2.1899557929440165,0.0
0.2,1.4407946334759159,0.0
0.2,1.299746159543362,0.0
0.2,1.2124216971970456,0.0
0.2,0.9755292034176254,0.0
0.2,0.8666366684141714,0.0
0.2,0.351919665223986,0.0
0.2,0.5060271919379914,0.0
0.2,-2.114963209650135,0.0
0.2,-1.7097549009680955,0.0
0.2,-1.5015682839131452,0.0
0.2,-1.38894832404033,0.0
0.2,-1.5826543921602545,0.0
0.2,-1.234182749237025,0.0
0.2,1.5291428253172195,0.0
0.2,0.5978402613191115,0.0
0.2,1.0988613379424128,0.0
0.2,1.1336108797763267,0.0
0.2,0.7798468037819174,0.0
0.2,-0.786035517767534,0.0
0.2,0.6387338569934731,0.0
0.2,-0.030673961260632668,0.0
0.2,0.210787850563426,0.0
0.2,0.16074765134368682,0.0
0.2,-0.12269865532434651,0.0
0.2,-0.4392155448621513,0.0
0.2,-0.4809044025198853,0.0
0.2,-0.25158314944153515,0.0
0.2,-0.193102858598739,0.0
0.2,-1.1117149750991033,0.0
0.2,-0.988759656202207,0.0
0.2,-0.7230757890854785,0.0
0.2,1.547199696444868,0.0
0.2,0.7660909574561405,0.0
0.2,0.10011981035741932,0.0
0.2,-1.6000472506388275,0.0
0.2,-0.9235833424270974,0.0
0.2,-0.9568044522435564,0.0
0.2,-1.2803226661136455,0.0
0.2,-1.7228090237134546,0.0
0.2,-0.6514055581623571,0.0
0.2,-0.5796829203691365,0.0
0.2,-0.30904284447804403,0.0
0.25,81.53241697344,0.0
0.25,28.879313836650518,0.0
0.25,-21.092954749090847,0.0
0.25,-15.424270201105761,0.0
0.25,12.457886537739522,0.0
0.25,12.134701032169215,0.0
0.25,11.804478182156629,0.0
0.25,11.718773304568563,0.0
0.25,11.651348155741788,0.0
0.25,11.363440778587208,0.0
0.25,11.185705426813415,0.0
0.25,11.059893196961596,0.0
0.25,10.823076008131702,0.0
0.25,10.707226520410435,0.0
0.25,10.603598451001922,0.0
0.25,10.428004319655594,0.0
0.25,-13.296021407813758,0.0
0.25,-12.994807393956416,0.0
0.25,-12.713764959770279,0.0
0.25,-12.39852349867569,0.0
0.25,-12.151487679748316,0.0
0.25,-12.120832112514602,0.0
0.25,-11.935521589969106,0.0
0.25,-11.808385861624881,0.0
0.25,-11.423626993897939,0.0
0.25,-11.161895136248747,0.0
0.25,-11.200334111067848,0.0
0.25,-10.95586162009836,0.0
0.25,-10.846487532255368,0.0
0.25,10.228556131990441,0.0
0.25,10.06108360520486,0.0
0.25,9.971829984923021,0.0
0.25,9.780047682049506,0.0
0.25,9.605748051467978,0.0
0.25,9.441595948218184,0.0
0.25,-10.782807287753451,0.0
0.25,-10.589368095087318,0.0
0.25,-10.531781894464082,0.0
0.25,-10.494074587949944,0.0
0.25,-10.145344595622365,0.0
0.25,-10.05671969119022,0.0
0.25,-9.91317666163974,0.0
0.25,-9.820224907595954,0.0
0.25,-9.755338009034901,0.0
0.25,-9.53692237969613,0.0
0.25,-9.491214773517974,0.0
0.25,9.40432813634067,0.0
0.25,9.339829238212793,0.0
0.25,9.265917305365107,0.0
0.25,8.967554961627142,0.0
0.25,9.053695173543812,0.0
0.25,-9.214326030198219,0.0
0.25,-9.163807405202839,0.0
0.25,-9.14064281165108,0.0
0.25,8.913412663356151,0.0
0.25,8.675393142242351,0.0
0.25,8.769414931503944,0.0
0.25,8.381081317083616,0.0
0.25,8.267421016136028,0.0
0.25,8.198563847731146,0.0
0.25,-8.96362672390146,0.0
0.25,-8.911834404813563,0.0
0.25,-8.737299517310888,0.0
0.25,-8.61296514146972,0.0
0.25,-8.522411667895824,0.0
0.25,-8.331513037891265,0.0
0.25,-8.382452588587034,0.0
0.25,-8.246231413458254,0.0
0.25,8.067439023919214,0.0
0.25,7.972886995523328,0.0
0.25,7.922151503112619,0.0
0.25,7.8544892558101775,0.0
0.25,7.704317934832254,0.0
0.25,7.570728316567292,0.0
0.25,-8.082941707250717,0.0
0.25,-8.01016168839926,0.0
0.25,-7.9248028754172255,0.0
0.25,-7.861253533658921,0.0
0.25,-7.655508046014251,0.0
0.25,-7.591065433432383,0.0
0.25,-7.434773487895088,0.0
0.25,-7.253422191695425,0.0
0.25,-7.151167879072435,0.0
0.25,7.446344511100258,0.0
0.25,7.363167838609951,0.0
0.25,7.22250752032885,0.0
0.25,7.1717691867203985,0.0
0.25,6.662480349935801,0.0
0.25,6.764701119859908,0.0
0.25,6.902261342359388,0.0
0.25,6.860230828513075,0.0
0.25,7.086253249453593,0.0
0.25,-7.067612791343958,0.0
0.25,6.5141409216197825,0.0
0.25,6.376583009727149,0.0
0.25,-6.732817989554666,0.0
0.25,-6.997431759619161,0.0
0.25,-6.868609771016266,0.0
0.25,-6.944111591450193,0.0
0.25,-6.897064212995504,0.0
0.25,6.179640303350936,0.0
0.25,6.051519485259636,0.0
0.25,5.977475765552991,0.0
0.25,5.95410254582558,0.0
0.25,-6.606534077661665,0.0
0.25,-6.424357777678041,0.0
0.25,-6.385261066559216,0.0
0.25,-6.161486309200481,0.0
0.25,-6.128838697029214,0.0
0.25,-6.090652356841896,0.0
0.25,-5.964868483421438,0.0
0.25,-5.812540682295526,0.0
0.25,-5.645910711590646,0.0
0.25,-5.7402160357767,0.0
0.25,-5.4340629833996825,0.0
0.25,5.832637103598082,0.0
0.25,5.771756889200542,0.0
0.25,5.669426986279434,0.0
0.25,5.040815278492448,0.0
0.25,5.156588178489327,0.0
0.25,5.2283500144687105,0.0
0.25,5.301977940323476,0.0
0.25,5.413176789652713,0.0
0.25,5.427929514887702,0.0
0.25,5.520446465003935,0.0
0.25,4.901601184580292,0.0
0.25,-5.320856641125569,0.0
0.25,-5.374413904696946,0.0
0.25,-5.1827362762094,0.0
0.25,-5.13319058973866,0.0
0.25,4.885641076726212,0.0
0.25,4.7134085124531975,0.0
0.25,4.690071205991168,0.0
0.25,-4.891698843732237,0.0
0.25,-4.9894178661418565,0.0
0.25,-5.02944482518114,0.0
0.25,4.6110938779985995,0.0
0.25,4.489232831692768,0.0
0.25,4.435681110359588,0.0
0.25,4.3060279035813975,0.0
0.25,-4.768051690018939,0.0
0.25,-4.687197072770574,0.0
0.25,-4.570490414234032,0.0
0.25,-4.518788267374779,0.0
0.25,-4.126418910466334,0.0
0.25,-4.323980141719508,0.0
0.25,-4.269103906071442,0.0
0.25,-4.211360366880399,0.0
0.25,4.229146853574228,0.0
0.25,3.544272433340107,0.0
0.25,3.6593661261355432,0.0
0.25,3.7290876982410595,0.0
0.25,4.052045487104625,0.0
0.25,3.975661800161972,0.0
0.25,3.9214816586548107,0.0
0.25,3.872914695198502,0.0
0.25,-4.00842119528315,0.0
0.25,-3.92043608552236,0.0
0.25,3.2313690947886746,0.0
0.25,3.4486292013958875,0.0
0.25,-3.628378888722888,0.0
0.25,-3.5778796532203865,0.0
0.25,-3.812770288630743,0.0
0.25,-3.7323714221536393,0.0
0.25,3.1749299791410635,0.0
0.25,3.0553412358777274,0.0
0.25,2.947606307321503,0.0
0.25,3.4302734374777972,0.0
0.25,-3.4586701070608976,0.0
0.25,-3.3791252203877695,0.0
0.25,3.0926830702153705,0.0
0.25,2.8971119742428635,0.0
0.25,2.700658015747795,0.0
0.25,2.666511456287719,0.0
0.25,-3.2805137089958607,0.0
0.25,-3.120269766205567,0.0
0.25,-3.082739188546336,0.0
0.25,-2.965553558439617,0.0
0.25,-2.854765781254498,0.0
0.25,-2.7699157011882836,0.0
0.25,-2.6450015462548575,0.0
0.25,-3.1681991165287857,0.0
0.25,2.6227341349304782,0.0
0.25,2.246900680944762,0.0
0.25,2.4369016869614093,0.0
0.25,2.4056438714606285,0.0
0.25,2.349223611206342,0.0
0.25,1.5833762767595112,0.0
0.25,1.6174997563750708,0.0
0.25,1.8320844159303087,0.0
0.25,1.8949050615652285,0.0
0.25,2.006807780619095,0.0
0.25,-2.469618135269246,0.0
0.25,-2.4303820555562496,0.0
0.25,1.4760428824398424,0.0
0.25,-2.2625101060427433,0.0
0.25,-2.1755722688964565,0.0
0.25,2.051444609286083,0.0
0.25,1.2792428888169325,0.0
0.25,1.1880246190354673,0.0
0.25,1.087694117007236,0.0
0.25,1.398149188346593,0.0
0.25,0.7506272658463921,0.0
0.25,0.6511294432346064,0.0
0.25,0.6007623624883993,0.0
0.25,0.99667328384486,0.0
0.25,-1.9474625607640366,0.0
0.25,-1.7711357277670043,0.0
0.25,-2.084334658985512,0.0
0.25,-2.310862760337767,0.0
0.25,-1.2460880529715979,0.0
0.25,-1.1940004462115297,0.0
0.25,-1.1075483120515632,0.0
0.25,-1.0093454279365297,0.0
0.25,-0.018004839960868903,0.0
0.25,-1.4390811331206408,0.0
0.25,0.15362395709139579,0.0
0.25,-0.39664737689545854,0.0
0.25,-0.810601161237999,0.0
0.25,-1.9872414571171455,0.0
0.25,0.8839466493742215,0.0
0.25,-1.626703437501352,0.0
0.25,1.0227246654333728,0.0
0.25,-1.3430701117739667,0.0
0.25,-0.3164504392856503,0.0
0.25,-0.1981678620061938,0.0
0.25,-0.5622738027843897,0.0
0.25,-0.702176540573242,0.0
0.25,-0.7626430697550984,0.0
0.25,0.3117753635961027,0.0
0.25,0.36125511685210415,0.0
0.25,0.21193042633167714,0.0
0.25,0.38320109378750866,0.0
0.25,0.07652632674079982,0.0
0.25,-0.6391250298106558,0.0
0.25,-2.0177671507324213,0.0
0.25,-1.6533592574604214,0.0
0.25,-1.4695877234032855,0.0
0.25,-0.22232867203389753,0.0
0.25,-0.49374865696055703,0.0
0.3,89.22481472951424,0.0
0.3,23.80407703342223,0.0
0.3,-18.46227562542839,0.0
0.3,-14.475094050365692,0.0
0.3,-14.04013255298204,0.0
0.3,13.193252082877223,0.0
0.3,13.042436499771796,0.0
0.3,12.865325627010952,0.0
0.3,12.400847150619505,0.0
0.3,12.24136916271524,0.0
0.3,12.039296377254335,0.0
0.3,11.612426193215382,0.0
0.3,11.53804164439211,0.0
0.3,11.41931768578504,0.0
0.3,11.219312660273983,0.0
0.3,11.148664437904161,0.0
0.3,11.06229001258843,0.0
0.3,-13.653460044988398,0.0
0.3,-13.409860399205886,0.0
0.3,-13.099632800751785,0.0
0.3,-12.898865428785184,0.0
0.3,-12.516038767794713,0.0
0.3,-12.389019425014801,0.0
0.3,-12.158059891653922,0.0
0.3,-12.114588831168904,0.0
0.3,-11.951019435707659,0.0
0.3,-11.568921321502529,0.0
0.3,-11.717646899763464,0.0
0.3,10.914596320015983,0.0
0.3,10.555970183415363,0.0
0.3,10.501572616474007,0.0
0.3,10.423985699342806,0.0
0.3,10.19472870928919,0.0
0.3,10.279687644192439,0.0
0.3,-11.30788705191467,0.0
0.3,-11.266481103719311,0.0
0.3,-11.146986061231583,0.0
0.3,-11.040123247337396,0.0
0.3,-10.897147173055368,0.0
0.3,-10.718525745071355,0.0
0.3,-10.78265232999522,0.0
0.3,9.752326570767444,0.0
0.3,9.990888960451272,0.0
0.3,10.108698198631886,0.0
0.3,-10.430449073219977,0.0
0.3,-10.379393520014219,0.0
0.3,-10.401679739850632,0.0
0.3,9.599093663480676,0.0
0.3,-10.18757140186621,0.0
0.3,-10.326424794701499,0.0
0.3,9.451764055099524,0.0
0.3,-9.993026726467024,0.0
0.3,9.354332039145461,0.0
0.3,9.190516302314764,0.0
0.3,-9.660066477933746,0.0
0.3,-9.781984505661832,0.0
0.3,-9.860528077516744,0.0
0.3,8.898607824158551,0.0
0.3,9.051585987299097,0.0
0.3,8.976019198157255,0.0
0.3,8.78249689787494,0.0
0.3,-9.418801067952762,0.0
0.3,-9.319263300789032,0.0
0.3,8.57775409899263,0.0
0.3,-9.164234739382932,0.0
0.3,-9.127261841438308,0.0
0.3,8.441651918532619,0.0
0.3,8.341677597877254,0.0
0.3,8.27584454863928,0.0
0.3,-8.981474973184834,0.0
0.3,-8.935492915237432,0.0
0.3,-8.731317076613582,0.0
0.3,-8.728706122144636,0.0
0.3,-8.514974045560354,0.0
0.3,7.91574873601716,0.0
0.3,7.996797861512335,0.0
0.3,8.140047059148863,0.0
0.3,8.149959203785325,0.0
0.3,-8.295524549363556,0.0
0.3,-8.129676779321398,0.0
0.3,-8.182460695918179,0.0
0.3,7.793763244923509,0.0
0.3,7.52063088399852,0.0
0.3,7.572796790636927,0.0
0.3,7.3487357440028225,0.0
0.3,7.1579599821608095,0.0
0.3,6.566291538488685,0.0
0.3,7.072446197409273,0.0
0.3,7.015090519631064,0.0
0.3,6.954517671018639,0.0
0.3,6.706445720837798,0.0
0.3,6.797906869048418,0.0
0.3,-7.954207843696772,0.0
0.3,-7.849911455076464,0.0
0.3,-7.755958042637845,0.0
0.3,-7.639881611243944,0.0
0.3,-7.615855465501946,0.0
0.3,-7.479584224684751,0.0
0.3,-7.102446661280139,0.0
0.3,-7.2777420959386845,0.0
0.3,-7.240461412707353,0.0
0.3,-7.353535344004287,0.0
0.3,6.376798220631762,0.0
0.3,-6.966945840217039,0.0
0.3,-6.850472957886353,0.0
0.3,6.1333162270261425,0.0
0.3,6.105242650603825,0.0
0.3,6.03238099452397,0.0
0.3,5.936172160428017,0.0
0.3,5.8573321180896185,0.0
0.3,-6.637000779782943,0.0
0.3,-6.571700925300795,0.0
0.3,-6.439555958341983,0.0
0.3,-6.4760160234827495,0.0
0.3,5.810792481381379,0.0
0.3,5.653760511267662,0.0
0.3,5.5093209426860765,0.0
0.3,5.474484070416052,0.0
0.3,5.417273817365586,0.0
0.3,5.297740857038001,0.0
0.3,5.1990100439938844,0.0
0.3,5.018243244355778,0.0
0.3,5.053180486654897,0.0
0.3,-6.286040829455027,0.0
0.3,-6.032880565628676,0.0
0.3,-5.940404807060598,0.0
0.3,-5.900250720604997,0.0
0.3,-5.826181971570441,0.0
0.3,-5.626975582006287,0.0
0.3,-5.570981674992463,0.0
0.3,-5.483616126620085,0.0
0.3,-5.452298211257119,0.0
0.3,-5.323000252209524,0.0
0.3,4.781903642016662,0.0
0.3,4.743384285750018,0.0
0.3,-5.357663253067429,0.0
0.3,-5.26099448023194,0.0
0.3,-5.1395236966551625,0.0
0.3,-4.922960693253227,0.0
0.3,4.596671508746543,0.0
0.3,4.501356939075089,0.0
0.3,4.459369083903267,0.0
0.3,4.298387221381352,0.0
0.3,4.372330748749249,0.0
0.3,4.257115743099271,0.0
0.3,4.174408044075134,0.0
0.3,4.074776585300072,0.0
0.3,3.980420914895776,0.0
0.3,3.9085757087280735,0.0
0.3,3.8474397042560535,0.0
0.3,3.6439441376294393,0.0
0.3,3.5197759159049817,0.0
0.3,3.456219160644788,0.0
0.3,-4.757554424040378,0.0
0.3,-4.769631440965164,0.0
0.3,-4.168110721151145,0.0
0.3,-4.571390085711219,0.0
0.3,-4.6027397018093845,0.0
0.3,-4.441983599034896,0.0
0.3,-4.400875875519359,0.0
0.3,-4.318669366728919,0.0
0.3,-4.040486416885855,0.0
0.3,3.2478869004035005,0.0
0.3,3.195814844910778,0.0
0.3,-3.878709570597395,0.0
0.3,-3.798483907778983,0.0
0.3,-3.7762821624981564,0.0
0.3,-3.6885314132939087,0.0
0.3,2.8918659195920733,0.0
0.3,3.006327976626991,0.0
0.3,3.0668003388705394,0.0
0.3,2.797503934124419,0.0
0.3,2.743844439205546,0.0
0.3,-3.5973726558077677,0.0
0.3,-3.4472330730382845,0.0
0.3,-3.4892822088082043,0.0
0.3,-3.2743107416260004,0.0
0.3,-3.1741860259706347,0.0
0.3,-3.1308143452004478,0.0
0.3,-3.0529704886552613,0.0
0.3,-2.9017250245289317,0.0
0.3,-2.7727849900211146,0.0
0.3,2.626385821812433,0.0
0.3,2.5333417121104818,0.0
0.3,2.487315872056266,0.0
0.3,2.4137186810102955,0.0
0.3,2.2063417029339574,0.0
0.3,2.0760518078909325,0.0
0.3,1.7102618252924147,0.0
0.3,1.775924535444921,0.0
0.3,1.910467969046759,0.0
0.3,1.5088662450783317,0.0
0.3,1.4166381175676983,0.0
0.3,-2.668831901136965,0.0
0.3,-2.589858881606171,0.0
0.3,-2.4767766038747303,0.0
0.3,-2.2940164768957216,0.0
0.3,1.9681513021199368,0.0
0.3,1.999006548616098,0.0
0.3,1.2922017528119991,0.0
0.3,0.8393922859767641,0.0
0.3,0.9465755386957324,0.0
0.3,1.174177102605803,0.0
0.3,1.0956522848004329,0.0
0.3,0.7162856223395869,0.0
0.3,-1.3142718033038807,0.0
0.3,-2.4959381982484077,0.0
0.3,-1.530792573387907,0.0
0.3,-1.6040669168533777,0.0
0.3,-1.812376011190394,0.0
0.3,-1.8854708045889568,0.0
0.3,-1.9663450045072441,0.0
0.3,-2.2165084840845917,0.0
0.3,-2.0514025038319663,0.0
0.3,-2.23220118031233,0.0
0.3,1.217439771230326,0.0
0.3,-1.1128148000824285,0.0
0.3,0.30309730500615367,0.0
0.3,0.526014443929992,0.0
0.3,-0.5010328537803947,0.0
0.3,-0.4483395225609772,0.0
0.3,-1.0571120829558847,0.0
0.3,-1.6465337491543912,0.0
0.3,-1.4322210940730642,0.0
0.3,-0.844279400457417,0.0
0.3,0.1958978851987356,0.0
0.3,0.6068943087557022,0.0
0.3,-0.7744170253661962,0.0
0.3,-0.36764377014189514,0.0
0.3,0.5610547756713073,0.0
0.3,-0.9646068789075923,0.0
0.3,-1.0052090892048324,0.0
0.3,-0.28749378106023216,0.0
0.3,0.36631752518673044,0.0
0.3,0.03715092222254844,0.0
0.3,-0.03345815697048203,0.0
0.3,-0.6837423875370608,0.0
0.3,0.08351998380055402,0.0
0.3,-0.12121831971126754,0.0
0.3,-0.24683591425006482,0.0
0.35,95.06078107048636,0.0
0.35,18.29173157119223,0.0
0.35,-16.429421126340827,0.0
0.35,13.99498027833499,0.0
0.35,13.544590364417106,0.0
0.35,13.404462801558862,0.0
0.35,12.91802566168347,0.0
0.35,12.807444513051466,0.0
0.35,12.408834502107789,0.0
0.35,12.293624731963089,0.0
0.35,12.222705318609375,0.0
0.35,12.018692129045093,0.0
0.35,-14.481143556590176,0.0
0.35,-14.158300240522973,0.0
0.35,-13.918191319167518,0.0
0.35,-13.953173086003417,0.0
0.35,-13.662006723880982,0.0
0.35,-13.52608303658777,0.0
0.35,-13.163670768650794,0.0
0.35,-12.894586262173375,0.0
0.35,-12.718719850596518,0.0
0.35,-12.585452277179867,0.0
0.35,-12.271485392410804,0.0
0.35,-12.392432877024556,0.0
0.35,-12.341177693685363,0.0
0.35,11.877529178900792,0.0
0.35,11.573892623944419,0.0
0.35,11.468798885989662,0.0
0.35,11.30467691772304,0.0
0.35,11.182922500625299,0.0
0.35,11.110516986118592,0.0
0.35,-12.082907547706183,0.0
0.35,-11.47467724170058,0.0
0.35,-11.742431499457659,0.0
0.35,-11.720697010467212,0.0
0.35,-11.635197428097634,0.0
0.35,10.913140182552107,0.0
0.35,10.646322848116304,0.0
0.35,10.564060167009938,0.0
0.35,10.41830135513207,0.0
0.35,-11.229856855584607,0.0
0.35,-11.184928190874695,0.0
0.35,-10.888049813582581,0.0
0.35,-10.875124872751941,0.0
0.35,10.3360704158198,0.0
0.35,10.063131398378156,0.0
0.35,-10.664054942631632,0.0
0.35,-10.568815905338601,0.0
0.35,-10.37015292270418,0.0
0.35,-10.26589824284642,0.0
0.35,9.610764676652115,0.0
0.35,9.871243818000249,0.0
0.35,9.83509241011951,0.0
0.35,-10.124488019661932,0.0
0.35,-9.939941886968759,0.0
0.35,9.492695481904777,0.0
0.35,9.409698525345274,0.0
0.35,9.230645386712096,0.0
0.35,-9.578228812986652,0.0
0.35,-9.780373213001843,0.0
0.35,-10.05901920488959,0.0
0.35,9.165604367832588,0.0
0.35,8.967076309160753,0.0
0.35,9.008639729444212,0.0
0.35,-9.46226049714927,0.0
0.35,-9.271012708006417,0.0
0.35,-9.324777237302923,0.0
0.35,8.855374533393197,0.0
0.35,-9.130548203325024,0.0
0.35,-9.10606681947082,0.0
0.35,-9.016954034339802,0.0
0.35,8.542491169920622,0.0
0.35,8.463410378092387,0.0
0.35,-8.814962499173301,0.0
0.35,-8.704028056159384,0.0
0.35,-8.668789486323444,0.0
0.35,7.988454442801105,0.0
0.35,8.166909074543494,0.0
0.35,8.078424381895799,0.0
0.35,8.12212935412662,0.0
0.35,-8.514665736832919,0.0
0.35,-8.287543128346776,0.0
0.35,-8.40829711233105,0.0
0.35,-8.109905710032264,0.0
0.35,-8.01063637742362,0.0
0.35,-7.896158868157865,0.0
0.35,7.899497631172141,0.0
0.35,7.6475102847221645,0.0
0.35,7.8101056924792625,0.0
0.35,7.482244092621671,0.0
0.35,7.458704602866742,0.0
0.35,-7.685514139098418,0.0
0.35,-7.582613135238094,0.0
0.35,-7.515231262343754,0.0
0.35,-7.354890726892352,0.0
0.35,-7.2337388259643705,0.0
0.35,-6.805268221067342,0.0
0.35,-7.149746258171386,0.0
0.35,-7.061819355416988,0.0
0.35,-6.977864157147687,0.0
0.35,7.292105593034485,0.0
0.35,7.243849286588656,0.0
0.35,7.132247875221576,0.0
0.35,6.568136174598623,0.0
0.35,7.021345681194342,0.0
0.35,6.937830062327852,0.0
0.35,6.769045396783256,0.0
0.35,6.784010579466571,0.0
0.35,6.492333930484729,0.0
0.35,6.440833764922969,0.0
0.35,-6.671066559676477,0.0
0.35,-6.927516194756312,0.0
0.35,6.210657149701371,0.0
0.35,6.092741967928911,0.0
0.35,6.0422880919388255,0.0
0.35,-6.5307399559390165,0.0
0.35,-6.29665732521396,0.0
0.35,-6.177466444317424,0.0
0.35,-6.209900947999429,0.0
0.35,-6.402810387238967,0.0
0.35,-6.366928502976156,0.0
0.35,5.776793689882768,0.0
0.35,5.702159775363066,0.0
0.35,5.512618274526833,0.0
0.35,5.572031353791314,0.0
0.35,5.403240640909754,0.0
0.35,5.296798085907718,0.0
0.35,5.161899681028445,0.0
0.35,5.141760372290579,0.0
0.35,-5.898182647426133,0.0
0.35,-5.850622666162542,0.0
0.35,-5.7419405525998455,0.0
0.35,-5.134023216799448,0.0
0.35,-5.345281588224743,0.0
0.35,-5.379358178017294,0.0
0.35,-5.630333319397553,0.0
0.35,-5.532359674306949,0.0
0.35,-5.0616934903128445,0.0
0.35,4.978367467766183,0.0
0.35,4.911830348263788,0.0
0.35,-4.909188945804891,0.0
0.35,-4.851014501200933,0.0
0.35,4.75186038846288,0.0
0.35,4.666945317831696,0.0
0.35,4.629624344293532,0.0
0.35,-4.540346664657459,0.0
0.35,-4.682093451611628,0.0
0.35,-4.780853601467542,0.0
0.35,-4.448977559286814,0.0
0.35,4.501416689862415,0.0
0.35,4.376895469876876,0.0
0.35,4.424902408031447,0.0
0.35,-4.318896956918582,0.0
0.35,-4.233339501196765,0.0
0.35,-4.1862394541469845,0.0
0.35,-4.036872837814028,0.0
0.35,-3.9178913656560783,0.0
0.35,-3.8119385248972146,0.0
0.35,-3.6659701964406186,0.0
0.35,-3.6010289130728497,0.0
0.35,4.192403541109969,0.0
0.35,4.175817806784013,0.0
0.35,4.051903697845279,0.0
0.35,2.9435238855393178,0.0
0.35,2.9997286514412873,0.0
0.35,3.1696830651631895,0.0
0.35,3.242011849344128,0.0
0.35,3.329503637793749,0.0
0.35,3.536879666343832,0.0
0.35,3.7550677172316393,0.0
0.35,3.845210837358514,0.0
0.35,3.803072455831552,0.0
0.35,3.904222979086538,0.0
0.35,3.614814300932825,0.0
0.35,3.6258231233258247,0.0
0.35,-3.4859271677229393,0.0
0.35,2.848669193182751,0.0
0.35,-3.077240160910496,0.0
0.35,-3.2516605440179167,0.0
0.35,-3.3093368520521214,0.0
0.35,2.7257765913499483,0.0
0.35,2.564428214932856,0.0
0.35,2.44464678803733,0.0
0.35,2.315967333426089,0.0
0.35,-3.3355927649140398,0.0
0.35,-2.9582870414753515,0.0
0.35,-2.918489665624283,0.0
0.35,-2.609837074258817,0.0
0.35,-2.7291160375858716,0.0
0.35,-2.7653459090173977,0.0
0.35,-2.3480026552803666,0.0
0.35,-1.7022990172484613,0.0
0.35,-1.5188907892582304,0.0
0.35,-1.3864717577396042,0.0
0.35,-1.291428528620428,0.0
0.35,2.1120867970892667,0.0
0.35,2.156743155276522,0.0
0.35,1.7248625932842772,0.0
0.35,1.5706309943571435,0.0
0.35,1.5629322469083469,0.0
0.35,2.042347187468006,0.0
0.35,1.973629569284191,0.0
0.35,-1.8462807579337492,0.0
0.35,-2.242778783462368,0.0
0.35,-2.1232653805898876,0.0
0.35,-2.075266921255284,0.0
0.35,-1.105168407324123,0.0
0.35,1.3289462941713777,0.0
0.35,1.249587461250067,0.0
0.35,0.32616529926694526,0.0
0.35,0.41325565382711066,0.0
0.35,1.828445218832862,0.0
0.35,1.924074823951738,0.0
0.35,0.7502303391962452,0.0
0.35,1.1166422837547765,0.0
0.35,1.0055630176814276,0.0
0.35,1.0579254450061542,0.0
0.35,0.6053213952171895,0.0
0.35,0.9337234552318143,0.0
0.35,-2.2022036950831763,0.0
0.35,-0.9143404183318817,0.0
0.35,-0.07263837611880558,0.0
0.35,0.011106107289349078,0.0
0.35,-2.023227269834911,0.0
0.35,0.5291576191151087,0.0
0.35,0.566162979551775,0.0
0.35,-0.3894089393917772,0.0
0.35,-0.7604161564474519,0.0
0.35,-0.5100421268473886,0.0
0.35,-0.5814738174211123,0.0
0.35,-0.7292638249968171,0.0
0.35,-0.8924998305296521,0.0
0.35,-1.1429294339210097,0.0
0.35,0.12148555583502092,0.0
0.35,-0.21130850219272906,0.0
0.35,-0.46368048838907044,0.0
0.35,-2.3888751593448925,0.0
0.35,-1.8988921771497618,0.0
0.35,-0.2551604081246806,0.0
0.35,0.06385790598229946,0.0
0.4,103.96437641556258,0.0
0.4,15.453684025709123,0.0
0.4,14.356377189885196,0.0
0.4,14.022775364014127,0.0
0.4,13.46869051768641,0.0
0.4,13.315928095348236,0.0
0.4,13.083970257127612,0.0
0.4,12.802903709300683,0.0
0.4,12.714445469562445,0.0
0.4,12.432690197365428,0.0
0.4,12.35973659075385,0.0
0.4,12.353951318799972,0.0
0.4,-15.573284966141518,0.0
0.4,-15.098373304290918,0.0
0.4,-14.468028802613308,0.0
0.4,-14.309838888521703,0.0
0.4,-14.145353797494014,0.0
0.4,-14.177647946987676,0.0
0.4,-13.686263028420138,0.0
0.4,-13.531514590018752,0.0
0.4,-13.185504797956177,0.0
0.4,-13.10338993950163,0.0
0.4,-12.911366538408686,0.0
0.4,-12.757135502586433,0.0
0.4,-12.641002446125812,0.0
0.4,-12.614814985684156,0.0
0.4,11.910358077214292,0.0
0.4,11.616751511765594,0.0
0.4,11.559973956826889,0.0
0.4,11.355656945746246,0.0
0.4,11.277963006635506,0.0
0.4,11.154887866037464,0.0
0.4,-12.32219059139437,0.0
0.4,-12.245478420514576,0.0
0.4,-12.055224136515266,0.0
0.4,-11.944009335528827,0.0
0.4,-11.554788998923634,0.0
0.4,-11.662629088624492,0.0
0.4,10.971385277292352,0.0
0.4,10.753720804168818,0.0
0.4,10.699878077092349,0.0
0.4,10.499165925542107,0.0
0.4,10.371365412423202,0.0
0.4,-11.302429364551989,0.0
0.4,-11.267556892784068,0.0
0.4,-11.111929332351966,0.0
0.4,-10.963435072549604,0.0
0.4,-10.82143816584998,0.0
0.4,-10.738039182726363,0.0
0.4,-10.591913859172625,0.0
0.4,-10.363884426274693,0.0
0.4,9.97970899491726,0.0
0.4,9.906698717519205,0.0
0.4,9.802516712573714,0.0
0.4,9.861189876893965,0.0
0.4,9.508088572039854,0.0
0.4,9.536840987485936,0.0
0.4,9.331253547907972,0.0
0.4,-10.303882510244362,0.0
0.4,-10.144402858561053,0.0
0.4,-10.00976727628195,0.0
0.4,-9.869178600438744,0.0
0.4,9.177307370964227,0.0
0.4,9.07728289134692,0.0
0.4,8.861822076736264,0.0
0.4,8.791974899750018,0.0
0.4,8.676277862912261,0.0
0.4,-9.814783817817826,0.0
0.4,-9.62804770266644,0.0
0.4,-9.484500166349799,0.0
0.4,-9.351029909274242,0.0
0.4,-9.285671982228962,0.0
0.4,-9.10699056205513,0.0
0.4,8.51495936429335,0.0
0.4,8.386790673081354,0.0
0.4,8.321182650590556,0.0
0.4,8.15760310205674,0.0
0.4,8.096682427312533,0.0
0.4,7.888324675275156,0.0
0.4,7.5544426486235565,0.0
0.4,7.634378338102944,0.0
0.4,7.724425094265837,0.0
0.4,-8.873825628322512,0.0
0.4,-8.901853803473612,0.0
0.4,-8.94363002073181,0.0
0.4,-7.970248613659223,0.0
0.4,-8.04075619834685,0.0
0.4,-8.296074975981085,0.0
0.4,-8.210886969266818,0.0
0.4,-8.63866359576345,0.0
0.4,-8.588772559765083,0.0
0.4,-8.563798632526302,0.0
0.4,7.406355564211865,0.0
0.4,7.329723829260506,0.0
0.4,-7.727116796567633,0.0
0.4,-7.862255237727228,0.0
0.4,-7.653030796305476,0.0
0.4,-7.390373837749698,0.0
0.4,-7.356863601975936,0.0
0.4,7.1630160627394135,0.0
0.4,7.123121391694851,0.0
0.4,6.831832835252375,0.0
0.4,6.9092628938781555,0.0
0.4,6.910907901406566,0.0
0.4,6.608585892453449,0.0
0.4,6.685603398472168,0.0
0.4,6.508686807956322,0.0
0.4,6.376342210771176,0.0
0.4,6.169424362175816,0.0
0.4,6.060204917016858,0.0
0.4,5.915019282605008,0.0
0.4,5.997749680390289,0.0
0.4,-7.135682241444409,0.0
0.4,-7.06013951929212,0.0
0.4,-6.905431458617801,0.0
0.4,-6.877483746795026,0.0
0.4,-6.6694712651085055,0.0
0.4,-6.433265850836809,0.0
0.4,-6.46853874032393,0.0
0.4,-6.515178134420981,0.0
0.4,-6.368148487214772,0.0
0.4,-6.226798545126469,0.0
0.4,5.758919970484622,0.0
0.4,5.684917801356738,0.0
0.4,-6.053145649636149,0.0
0.4,-5.928356009709431,0.0
0.4,-6.181350631050912,0.0
0.4,5.52702211818021,0.0
0.4,5.484230171411178,0.0
0.4,5.412880853647119,0.0
0.4,5.313835189000297,0.0
0.4,5.068184782784981,0.0
0.4,-5.845784336799097,0.0
0.4,-5.733129260532112,0.0
0.4,-5.582327678674064,0.0
0.4,-5.530441893128145,0.0
0.4,4.931109958380799,0.0
0.4,4.317072995259512,0.0
0.4,4.370965317543512,0.0
0.4,4.801170728555213,0.0
0.4,4.769278784328677,0.0
0.4,4.656087501296184,0.0
0.4,4.568466805084611,0.0
0.4,-5.434476624253693,0.0
0.4,-5.406800479963964,0.0
0.4,-5.288011626213963,0.0
0.4,-4.473201163475359,0.0
0.4,-5.010956869590449,0.0
0.4,-4.595318359656049,0.0
0.4,-4.90577220633672,0.0
0.4,-4.808154077918202,0.0
0.4,-4.768783474613916,0.0
0.4,-4.357842663334219,0.0
0.4,-4.240020240616903,0.0
0.4,4.226003443655935,0.0
0.4,4.189246519637713,0.0
0.4,4.025001979433336,0.0
0.4,3.979171208770901,0.0
0.4,-4.092558667444274,0.0
0.4,-4.032758944727012,0.0
0.4,3.9160098217796615,0.0
0.4,3.6372173337505567,0.0
0.4,-4.900325120704366,0.0
0.4,-3.9078892339774307,0.0
0.4,-3.620184639291565,0.0
0.4,-3.782796807829232,0.0
0.4,3.5696787501641802,0.0
0.4,3.5469014648279007,0.0
0.4,3.0861393339864156,0.0
0.4,3.0409885283531217,0.0
0.4,3.3083615237962376,0.0
0.4,3.387191592938979,0.0
0.4,3.4304173641329845,0.0
0.4,-3.8243781090873274,0.0
0.4,-2.348133329832727,0.0
0.4,-3.409894598424639,0.0
0.4,-3.3237746129275725,0.0
0.4,-2.5316084347993604,0.0
0.4,-2.576813127747198,0.0
0.4,-2.6858661099252883,0.0
0.4,-2.843905201496303,0.0
0.4,-2.9428905588239833,0.0
0.4,-3.160471746004687,0.0
0.4,-3.131475549701598,0.0
0.4,-3.3776476368488524,0.0
0.4,2.8388274908209197,0.0
0.4,2.786352263219613,0.0
0.4,-2.1751189193622498,0.0
0.4,-2.299524835933285,0.0
0.4,-2.0273980211381284,0.0
0.4,2.6709840392513375,0.0
0.4,1.632366103788974,0.0
0.4,1.7947904805890336,0.0
0.4,1.9447537550500378,0.0
0.4,2.003196640188955,0.0
0.4,2.1656276096326503,0.0
0.4,2.467192923065146,0.0
0.4,-1.848899260139031,0.0
0.4,-1.8118857731578928,0.0
0.4,1.5179506486370204,0.0
0.4,2.9676713122179397,0.0
0.4,1.3545287133110808,0.0
0.4,1.2717287786079978,0.0
0.4,1.187927281346078,0.0
0.4,-1.9304061328459308,0.0
0.4,-0.7514067124677936,0.0
0.4,-0.6765335579706659,0.0
0.4,-0.9416502231929733,0.0
0.4,-1.356470950544592,0.0
0.4,-1.0355091899972075,0.0
0.4,-1.4202508312061202,0.0
0.4,2.521907758829268,0.0
0.4,2.536552202771048,0.0
0.4,2.261061221019258,0.0
0.4,-1.5373768138848711,0.0
0.4,1.4104622497027597,0.0
0.4,0.9873274649496554,0.0
0.4,-1.2369696841265325,0.0
0.4,-0.4905624395848089,0.0
0.4,-0.4625818559524989,0.0
0.4,-0.3626989068898971,0.0
0.4,-0.17777140794876448,0.0
0.4,0.4420569709176069,0.0
0.4,0.5533431423919651,0.0
0.4,0.34160703533067743,0.0
0.4,0.2608769892697122,0.0
0.4,0.634734976191956,0.0
0.4,0.13292790399326085,0.0
0.4,-0.0446886742526803,0.0
0.4,0.03914142826296159,0.0
0.4,0.008019130350092156,0.0
0.4,-2.750410565205385,0.0
0.4,0.8023183043352616,0.0
0.4,0.6249602495060222,0.0
0.4,2.3788138170188238,0.0
0.4,-1.6682549315787056,0.0
0.4,-1.0916166474566706,0.0
0.4,1.094806109343915,0.0
0.4,0.8499313378641126,0.0
0.4,-1.2171996454031901,0.0
0.45,111.64246233974583,0.0
0.45,-15.608761319461646,0.0
0.45,-14.86059704381727,0.0
0.45,-14.675905528964512,0.0
0.45,-14.475552388910817,0.0
0.45,-14.329724000642505,0.0
0.45,-13.980702434669233,0.0
0.45,-13.762113817033358,0.0
0.45,-13.517291349207461,0.0
0.45,-13.167363810370716,0.0
0.45,14.435939603648562,0.0
0.45,14.25577987730254,0.0
0.45,13.762427400885048,0.0
0.45,13.394807298652786,0.0
0.45,13.345886709526079,0.0
0.45,13.058147924004036,0.0
0.45,12.970192869178167,0.0
0.45,12.889206637031252,0.0
0.45,12.76971558699515,0.0
0.45,12.623510383727377,0.0
0.45,12.252064812674957,0.0
0.45,-13.121023354742109,0.0
0.45,-12.912822281632234,0.0
0.45,-12.76017447491016,0.0
0.45,-12.6863953533045,0.0
0.45,-12.554572371269634,0.0
0.45,-12.412166474324065,0.0
0.45,-12.221094954795277,0.0
0.45,-12.16068699688344,0.0
0.45,12.017524355760266,0.0
0.45,11.887762820150204,0.0
0.45,11.733988652213641,0.0
0.45,11.209232431789689,0.0
0.45,11.485937106570196,0.0
0.45,11.349745538057906,0.0
0.45,11.44390754682211,0.0
0.45,-12.039700888798446,0.0
0.45,-11.93173326791183,0.0
0.45,-11.725868645469193,0.0
0.45,-11.5968497472763,0.0
0.45,-11.468897203745886,0.0
0.45,11.01301224675431,0.0
0.45,10.884721806075895,0.0
0.45,10.665203422462996,0.0
0.45,10.461063303832761,0.0
0.45,10.580320877822984,0.0
0.45,-11.200892230555098,0.0
0.45,-11.029557579059821,0.0
0.45,-10.857184336629276,0.0
0.45,-10.79302575571213,0.0
0.45,10.317386270585734,0.0
0.45,10.06478562308058,0.0
0.45,9.91712509351041,0.0
0.45,9.803724489208728,0.0
0.45,9.692363864377262,0.0
0.45,9.62030278189806,0.0
0.45,9.44453000728139,0.0
0.45,9.217326796949441,0.0
0.45,9.093358305434469,0.0
0.45,-10.521505534231693,0.0
0.45,-10.454086473233515,0.0
0.45,-10.332654450384412,0.0
0.45,-9.962649231195702,0.0
0.45,-10.088835484281034,0.0
0.45,-10.175318895330193,0.0
0.45,-10.26630321758198,0.0
0.45,8.936827051959387,0.0
0.45,8.850861985855566,0.0
0.45,8.679901185826896,0.0
0.45,8.601344104024168,0.0
0.45,8.49281995295466,0.0
0.45,8.383192028753884,0.0
0.45,8.243186495624625,0.0
0.45,8.13673987801842,0.0
0.45,7.843978547064438,0.0
0.45,7.971009040361736,0.0
0.45,-9.76289691314246,0.0
0.45,-9.62431221338924,0.0
0.45,-9.414577331651257,0.0
0.45,-8.683338439111312,0.0
0.45,-9.308239618541066,0.0
0.45,-9.211253721883699,0.0
0.45,-9.07226351608198,0.0
0.45,-8.842563139292196,0.0
0.45,-8.904615986642002,0.0
0.45,7.684622373232771,0.0
0.45,-8.549977525832883,0.0
0.45,-8.534158509529536,0.0
0.45,7.501278809729333,0.0
0.45,7.496204696950748,0.0
0.45,-8.235381401842476,0.0
0.45,-8.27648474374381,0.0
0.45,-8.358549928838627,0.0
0.45,7.134604351888458,0.0
0.45,7.031166262513128,0.0
0.45,6.974792546529956,0.0
0.45,-7.822412699991077,0.0
0.45,-7.94508625902387,0.0
0.45,-8.029120109770734,0.0
0.45,-8.18061492555405,0.0
0.45,6.834101485246633,0.0
0.45,6.723110161578066,0.0
0.45,6.645356290599528,0.0
0.45,-7.487637998704019,0.0
0.45,-7.456659016748385,0.0
0.45,-7.328223997262771,0.0
0.45,-7.282003291666596,0.0
0.45,-7.139011132544429,0.0
0.45,-7.086552949779216,0.0
0.45,-6.587424652691896,0.0
0.45,-6.729541246560707,0.0
0.45,-6.834101747850518,0.0
0.45,-6.947398910785605,0.0
0.45,6.485905055842722,0.0
0.45,6.502179590586077,0.0
0.45,6.400395391370972,0.0
0.45,6.337547643332859,0.0
0.45,6.245296595031597,0.0
0.45,6.111808815190278,0.0
0.45,5.888821477470184,0.0
0.45,5.7019956725705185,0.0
0.45,5.814185890741904,0.0
0.45,5.745128747552669,0.0
0.45,5.403985215837641,0.0
0.45,-6.46755013259273,0.0
0.45,-6.442779846422054,0.0
0.45,-6.271286076522795,0.0
0.45,-6.1117738063416756,0.0
0.45,-6.159501587875194,0.0
0.45,-5.912587012630284,0.0
0.45,5.351686220626853,0.0
0.45,5.251482816363844,0.0
0.45,5.179951929355751,0.0
0.45,5.037499990818499,0.0
0.45,4.996418399166225,0.0
0.45,4.919749248096628,0.0
0.45,4.839443940267891,0.0
0.45,4.696082770070918,0.0
0.45,4.613734210684403,0.0
0.45,4.504642728951443,0.0
0.45,4.055280107285003,0.0
0.45,4.200626044025744,0.0
0.45,4.355911469718822,0.0
0.45,4.283724541597378,0.0
0.45,-5.8270838234979045,0.0
0.45,-5.700013926286383,0.0
0.45,-5.569560406471415,0.0
0.45,-5.516383791160081,0.0
0.45,-5.45836780344043,0.0
0.45,-5.036976122831872,0.0
0.45,-5.171087324846954,0.0
0.45,-5.213717352849963,0.0
0.45,-5.388436232154637,0.0
0.45,3.9362916461487107,0.0
0.45,3.7333811644216297,0.0
0.45,-4.515523715299086,0.0
0.45,-4.398945936283678,0.0
0.45,-4.791610294041805,0.0
0.45,-4.8179994307474265,0.0
0.45,3.556685514595969,0.0
0.45,3.653912312390208,0.0
0.45,3.6715710129897907,0.0
0.45,3.431136069260087,0.0
0.45,3.1962620580325023,0.0
0.45,3.1320394547580803,0.0
0.45,-4.674146499184871,0.0
0.45,-4.2508658776850075,0.0
0.45,-4.14605226947694,0.0
0.45,-4.035850791037037,0.0
0.45,-3.99660391160735,0.0
0.45,-4.864081439307513,0.0
0.45,-3.86705834776668,0.0
0.45,-3.823189563784565,0.0
0.45,-3.7746754049221303,0.0
0.45,-3.5192714672847343,0.0
0.45,-3.4838125947594234,0.0
0.45,-3.398889178948003,0.0
0.45,3.2637712407922423,0.0
0.45,2.993640554471096,0.0
0.45,2.8911011605107038,0.0
0.45,2.8428054669155536,0.0
0.45,2.7796704107186736,0.0
0.45,1.8223476722294896,0.0
0.45,1.9159547064185531,0.0
0.45,2.3657895153694195,0.0
0.45,2.06701247211486,0.0
0.45,2.116329883575926,0.0
0.45,2.1904118692597767,0.0
0.45,2.6440083152345606,0.0
0.45,1.6124063802913418,0.0
0.45,-2.841256720361847,0.0
0.45,-3.0019958304507552,0.0
0.45,-2.95631720075486,0.0
0.45,1.548701258984039,0.0
0.45,1.4808867690416168,0.0
0.45,-3.072619670409649,0.0
0.45,-1.287870738634261,0.0
0.45,-1.4068733226617278,0.0
0.45,-1.5328255386943428,0.0
0.45,-2.6898122091529997,0.0
0.45,-2.62784665547365,0.0
0.45,-2.5049002880172684,0.0
0.45,-2.2800722777707008,0.0
0.45,-2.142052670340418,0.0
0.45,2.539775873734425,0.0
0.45,-2.002622901720796,0.0
0.45,0.9570751565525865,0.0
0.45,-1.0891720399255227,0.0
0.45,-1.6858529347824196,0.0
0.45,-0.94975450290239,0.0
0.45,0.6259429992398521,0.0
0.45,0.6604496099993421,0.0
0.45,0.44715832756064045,0.0
0.45,0.09062290590267943,0.0
0.45,-0.7472347779942989,0.0
0.45,-0.05818433440680528,0.0
0.45,-0.25094050612666446,0.0
0.45,0.2991146356082093,0.0
0.45,-2.435616236221885,0.0
0.45,1.2559855732784018,0.0
0.45,-2.0808180681395076,0.0
0.45,-1.7225445340964538,0.0
0.45,-1.8064377159668323,0.0
0.45,0.38307349615582725,0.0
0.45,0.8416425180691148,0.0
0.45,-0.8664329895017759,0.0
0.45,-0.4447550459506749,0.0
0.45,0.2569232350065952,0.0
0.45,-0.40134092043801706,0.0
0.45,-0.6218271661350814,0.0
0.45,-0.1761640802594975,0.0
0.45,-0.1398342280860782,0.0
0.45,-2.673436988941892,0.0
0.45,0.852431415925261,0.0
0.45,1.0872892814718516,0.0
0.45,1.240897895049582,0.0
0.45,1.1102999055436065,0.0
0.45,-1.836475392008151,0.0
0.45,-1.0559347394046505,0.0
0.45,-0.6049282643185326,0.0
0.5,120.43248251654808,0.0
0.5,-15.405036998684293,0.0
0.5,-15.051110157901526,0.0
0.5,-14.913649310068289,0.0
0.5,-14.615780757166549,0.0
0.5,-14.439959507383799,0.0
0.5,-14.15467407042008,0.0
0.5,-13.728967123931424,0.0
0.5,-13.634840059375351,0.0
0.5,-13.506130579785554,0.0
0.5,-13.399428510360298,0.0
0.5,-13.279977603707907,0.0
0.5,14.419885812012977,0.0
0.5,14.252467361761,0.0
0.5,13.637315410829467,0.0
0.5,13.537199893703102,0.0
0.5,13.332292596358188,0.0
0.5,13.003283562084842,0.0
0.5,12.782613957639168,0.0
0.5,12.638134223543405,0.0
0.5,12.557956304634065,0.0
0.5,12.367959638084848,0.0
0.5,12.284465952541742,0.0
0.5,-12.93726994757532,0.0
0.5,-12.859486442845153,0.0
0.5,-12.573611418348259,0.0
0.5,-12.666111901243633,0.0
0.5,-12.402495785825211,0.0
0.5,-12.165695666573221,0.0
0.5,12.005021990888133,0.0
0.5,11.96375353602391,0.0
0.5,11.30340181723117,0.0
0.5,11.732795036797057,0.0
0.5,11.641075756006492,0.0
0.5,11.584201042288452,0.0
0.5,11.001627878563838,0.0
0.5,10.766481327537562,0.0
0.5,10.645836213256851,0.0
0.5,-11.967970207703805,0.0
0.5,-11.459783870757404,0.0
0.5,-11.719642985494366,0.0
0.5,-11.666430361103794,0.0
0.5,-11.586895010195036,0.0
0.5,10.547305843337517,0.0
0.5,10.408612708732397,0.0
0.5,10.329526562247544,0.0
0.5,-11.350978348593465,0.0
0.5,-11.135056299517727,0.0
0.5,-11.21811822084246,0.0
0.5,10.07354968466749,0.0
0.5,10.241015686131837,0.0
0.5,-10.72563940693992,0.0
0.5,-11.00524210920676,0.0
0.5,9.841193630979848,0.0
0.5,-10.678883315579565,0.0
0.5,-10.524539812918436,0.0
0.5,-10.39880808378841,0.0
0.5,9.691800451487843,0.0
0.5,9.524711700181493,0.0
0.5,9.5680940986155,0.0
0.5,9.338163838553317,0.0
0.5,-10.253248059785756,0.0
0.5,-10.13399822913407,0.0
0.5,-10.019625592082429,0.0
0.5,9.192796029308843,0.0
0.5,9.17342113963041,0.0
0.5,-9.931979593358667,0.0
0.5,-9.734471419406502,0.0
0.5,-9.542145454173728,0.0
0.5,8.714640028785103,0.0
0.5,8.876320708687523,0.0
0.5,8.840394169064167,0.0
0.5,-9.459333615622093,0.0
0.5,-9.283930523142164,0.0
0.5,8.517459629920733,0.0
0.5,8.46923522713556,0.0
0.5,-9.201817247784703,0.0
0.5,-9.125655189055882,0.0
0.5,-9.102757087300006,0.0
0.5,-8.899675660366967,0.0
0.5,8.325675914556552,0.0
0.5,8.278323374022081,0.0
0.5,8.090617218562898,0.0
0.5,8.005998355247211,0.0
0.5,-8.831229792391442,0.0
0.5,-8.623382729862165,0.0
0.5,-8.418672252574432,0.0
0.5,-8.303524380903676,0.0
0.5,-8.149392730204914,0.0
0.5,7.850839534178325,0.0
0.5,7.769259248037683,0.0
0.5,7.523125575756098,0.0
0.5,7.568210938472334,0.0
0.5,7.350767009310256,0.0
0.5,7.255863618639034,0.0
0.5,7.1537079008635125,0.0
0.5,7.083657992140751,0.0
0.5,6.930736880457051,0.0
0.5,6.76966499256489,0.0
0.5,6.665254742515,0.0
0.5,6.56969398460005,0.0
0.5,-8.002547313852759,0.0
0.5,-7.935338256318282,0.0
0.5,-7.791511128961637,0.0
0.5,-7.673187510758846,0.0
0.5,-7.7101799369667265,0.0
0.5,-7.580413217820442,0.0
0.5,-7.4213216459441895,0.0
0.5,-7.311097719785773,0.0
0.5,-7.256499667561902,0.0
0.5,-7.174950322429774,0.0
0.5,6.445645145579162,0.0
0.5,6.407025640510696,0.0
0.5,-6.874485925603586,0.0
0.5,6.1603283557196065,0.0
0.5,6.023866888189071,0.0
0.5,6.039871921187644,0.0
0.5,-7.026621305629973,0.0
0.5,-6.903791740339725,0.0
0.5,-6.591606282790791,0.0
0.5,-6.5495740982403845,0.0
0.5,5.801447950535002,0.0
0.5,5.6198123202557575,0.0
0.5,5.589891795164359,0.0
0.5,5.547267415228883,0.0
0.5,5.436135353027651,0.0
0.5,5.322199068716684,0.0
0.5,4.952823241915421,0.0
0.5,5.03186017610523,0.0
0.5,5.1410282010197434,0.0
0.5,-6.522659907712502,0.0
0.5,-6.328861117326798,0.0
0.5,-6.163246654906019,0.0
0.5,-6.065485442767651,0.0
0.5,-5.994280167523661,0.0
0.5,-5.858938721436535,0.0
0.5,-5.588892563556564,0.0
0.5,-5.671806101904783,0.0
0.5,-5.6935407231446655,0.0
0.5,-5.433711625647418,0.0
0.5,4.800585869763333,0.0
0.5,4.891537885456908,0.0
0.5,-5.289949541124126,0.0
0.5,-5.209258891313006,0.0
0.5,-5.1392406056911595,0.0
0.5,4.679947275932562,0.0
0.5,4.502464765209037,0.0
0.5,4.434759962824342,0.0
0.5,4.34176354742585,0.0
0.5,-4.9322089094356,0.0
0.5,-4.805015287148938,0.0
0.5,-4.950975986114779,0.0
0.5,-4.643505274452022,0.0
0.5,-4.5558621277321505,0.0
0.5,-4.4866755950557415,0.0
0.5,-4.1746032529096295,0.0
0.5,-4.317059742728174,0.0
0.5,-4.292063030923085,0.0
0.5,4.254161776943559,0.0
0.5,4.036826523886656,0.0
0.5,3.9184797646392022,0.0
0.5,3.8131524579326395,0.0
0.5,3.7347374574623173,0.0
0.5,3.425681035246138,0.0
0.5,3.448650968614789,0.0
0.5,3.6080972229936514,0.0
0.5,3.545035276861238,0.0
0.5,3.268981481926007,0.0
0.5,-4.028700285547534,0.0
0.5,-4.010961080356496,0.0
0.5,-3.832765364378194,0.0
0.5,-3.713646474653335,0.0
0.5,-3.678851707262835,0.0
0.5,-3.565210711562245,0.0
0.5,-3.5504258515634284,0.0
0.5,3.1512857207479685,0.0
0.5,3.0077570747585143,0.0
0.5,2.513195573935881,0.0
0.5,2.8463848742493654,0.0
0.5,2.6562033779765626,0.0
0.5,2.7818001001463295,0.0
0.5,2.728425525890109,0.0
0.5,-3.446693846285446,0.0
0.5,-3.214336758857876,0.0
0.5,-3.0790458264912606,0.0
0.5,-2.8918672693100507,0.0
0.5,-3.027607245640061,0.0
0.5,3.1335503560240703,0.0
0.5,2.302171612550502,0.0
0.5,2.228285094738698,0.0
0.5,2.15298800057986,0.0
0.5,1.9961980609176135,0.0
0.5,1.925762103270767,0.0
0.5,1.8434044398913585,0.0
0.5,-2.763654844512579,0.0
0.5,-2.6526895823413934,0.0
0.5,-1.8992967424570013,0.0
0.5,-1.5256627805859397,0.0
0.5,1.6772789607317484,0.0
0.5,1.7528205606014327,0.0
0.5,0.32039393171040514,0.0
0.5,0.28028162199750145,0.0
0.5,1.035699579156235,0.0
0.5,1.0778033101569076,0.0
0.5,0.04663402434575427,0.0
0.5,0.5976346934563438,0.0
0.5,0.852504265885755,0.0
0.5,-0.008907462301250986,0.0
0.5,-0.21548756632370325,0.0
0.5,-1.3390933271411114,0.0
0.5,-1.1808282835988995,0.0
0.5,0.7503063234008212,0.0
0.5,-0.3531357700117873,0.0
0.5,-0.8613427706537268,0.0
0.5,-0.9247514535642284,0.0
0.5,-0.5489555134554589,0.0
0.5,-0.6147486212876198,0.0
0.5,-2.4824298239072546,0.0
0.5,-2.1374307759081623,0.0
0.5,-0.7298682870331308,0.0
0.5,-2.3551604733380493,0.0
0.5,-1.7237979392345495,0.0
0.5,1.463092895304089,0.0
0.5,1.3798782480880116,0.0
0.5,1.229803002573621,0.0
0.5,1.2784502334681884,0.0
0.5,0.48315860663311677,0.0
0.5,-2.462870060294663,0.0
0.5,-2.010669330557879,0.0
0.5,1.6119341177627073,0.0
0.5,-0.06984628373645707,0.0
0.5,-0.4660823772675182,0.0
0.5,-2.1025009985298233,0.0
0.5,-1.7747026753726287,0.0
0.5,-2.795233636726182,0.0
0.5,0.7782895409911879,0.0
0.5,-2.3640320128498153,0.0
0.5,-1.2888635321206967,0.0
0.5,-1.6385139216880018,0.0
0.5,-1.0986427806857881,0.0
